Workbook

Sheet datadasar
A1: No | B1: Jenjang | C1: Kab/Kota | D1: NPSN / NPM | E1: Nama Sekolah | F1: Alamat | G1: Jml Siswa | H1: Jml Dana 1 Tahun | I1: Sisa Dana 2025 | J1: Dana Setelah Pengurangan | K1: Pencairan (Pemotongan Bertahap) | L1: Nomor NPHD 2025 | O1: NPHD 2025 (baru) | P1: RKAS | Q1: SPJ TW4 2024 | R1: Lap. Realisasi 2025 | S1: SPTJB 2025 | T1: NPHD 2026 | U1: SK Tim 2026 | V1: Izin Operasional | W1: NPWP | X1: SK Penepatan Besaran SPP | Y1: Bank Salur | Z1: No. Rekening | AA1: atas Nama Rekening | AB1: Ket | AC1: Tanggal Penyetoran Berkas | AD1: Pengesahaan | AE1: SPJ Tahap 1 | AF1: Tanggal Penyerahan | AG1: keterangan tahap 1 | AH1: SPJ Tahap 2 | AI1: Tanggal Penyerahan | AJ1: keterangan tahap 2 | AK1: SPJ Tahap 3 | AL1: Tanggal Penyerahan | AM1: keterangan tahap 3 | AN1: Keterangan RKAS | AO1: Alasan (Jika di Tolak) | AP1: Tahap 1 | AQ1: Nilai Tahap 1 | AR1: Tahap 2 | AS1: Nilai Tahap 2 | AT1: Tahap 3 | AU1: Nilai Tahap 3 | AV1: Tahap 4 | AW1: Nilai Tahap 4 | AX1: Tahap 2 Gel 1 | AY1: Tahap 2 Gel 1 Nilai | AZ1: Tahap 2 Gel 2 | BA1: Tahap 2 Gel 2 Nilai | BB1: Tahap 2 Gel 3 | BC1: Tahap 2 Gel 3 Nilai | BD1: Tahap 2 Gel 4 | BE1: Tahap 2 Gel 4 Nilai | BF1: Tahap 2 Gel 5 | BG1: Tahap 2 Gel 5 Nilai | BH1: Tahap 2 Gel 6 | BI1: Tahap 2 Gel 6 Nilai | BJ1: Tahap 2 Gel 7 | BK1: Tahap 2 Gel 7 Nilai | BL1: Tahap 2 Gel 8 | BM1: Tahap 2 Gel 8 Nilai | BN1: Tahap 2 Gel 9 | BO1: Tahap 2 Gel 9 Nilai | BP1: Tahap 2 Gel 10 | BQ1: Tahap 2 Gel 10 Nilai | BR1: Tahap 2 Gel 11 | BS1: Tahap 2 Gel 11 Nilai | BT1: Tahap 3 Gel 1 | BU1: Tahap 3 Gel 1 Nilai | BV1: Tahap 3 Gel 2 | BW1: Tahap 3 Gel 2 Nilai | BX1: Tahap 3 Gel 3 | BY1: Tahap 3 Gel 3 Nilai | BZ1: Tahap 3 Gel 4 | CA1: Tahap 3 Gel 4 Nilai | CB1: Tahap 3 Gel 5 | CC1: Tahap 3 Gel 5 Nilai | CD1: Tahap 3 Gel 6 | CE1: Tahap 3 Gel 6 Nilai | CF1: Tahap 3 Gel 7 | CG1: Tahap 3 Gel 7 Nilai | CH1: Tahap 3 Gel 8 | CI1: Tahap 3 Gel 8 Nilai | CJ1: Tahap 4 Gel 1 | CK1: Tahap 4 Gel 1 Nilai | CL1: Tahap 4 Gel 2 | CM1: Tahap 4 Gel 2 Nilai | CN1: Tahap 4 Gel 3 | CO1: Tahap 4 Gel 3 Nilai | CP1: Tahap 4 Gel 4 | CQ1: Tahap 4 Gel 4 Nilai | CR1: Tahap 4 Gel 5 | CS1: Tahap 4 Gel 5 Nilai | CT1: Tahap 4 Gel 6 | CU1: Tahap 4 Gel 6 Nilai | CV1: Tahap 4 Gel 7 | CW1: Tahap 4 Gel 7 Nilai
A2: =SUBTOTAL(3,$B$2:B2) -> 1 | B2: MA | C2: Balikpapan | D2: 131164710001 | E2: MAN BALIKPAPAN | F2: Jl. Prapatan RT. 026 No.10 Balikpapan | G2: 552 | H2: 931776000 | L2: 000.4.3.2/ | M2: 17064 | N2: /Disdikbud-Ib | O2: TRUE | P2: TRUE | Q2: TRUE | R2: TRUE | S2: TRUE | T2: TRUE | U2: TRUE | V2: TRUE | W2: TRUE | X2: TRUE | Y2: BANKALTIMTARA | Z2: 0032251056 | AA2: MADRASAH ALIYAH NEGERI BPP | AE2: TRUE | AF2: 45875 | AH2: TRUE | AI2: 45903 | AJ2: OKE | AK2: TRUE | AL2: 45964 | AM2: OKE | AX2: TRUE | AY2: =IF(MOD(H2,4)=0,H2/4,ROUNDUP(H2/4,0)) -> 232944000 | BT2: TRUE | BU2: =IF(MOD(H2,4)=0,H2/4,ROUNDDOWN(H2/4,0)) -> 232944000 | CJ2: TRUE | CK2: =IF(MOD(H2,4)=0,H2/4,ROUNDUP(H2/4,0)) -> 232944000
A3: =SUBTOTAL(3,$B$2:B3) -> 2 | B3: MA | C3: Balikpapan | D3: 131264710001 | E3: MAS ASY-SYIFA | F3: Jl. Soekarno Hatta KM 15 Karang Joang Balikpapan Utara | G3: 226 | H3: 381488000 | L3: 000.4.3.2/ | M3: 17065 | N3: /Disdikbud-Ib | O3: TRUE | P3: TRUE | Q3: TRUE | R3: TRUE | S3: TRUE | T3: TRUE | U3: TRUE | V3: TRUE | W3: TRUE | X3: TRUE | Y3: BANKALTIMTARA | Z3: 1032027471 | AA3: MA.ASY-SYIFA | AE3: TRUE | AF3: 45904 | AG3: OKE | AH3: TRUE | AI3: 45973 | AJ3: OKE | AK3: TRUE | AL3: 46001 | AM3: Perbaikan tanggal SPTJ dan Laporan Realisasi | BB3: TRUE | BC3: =IF(MOD(H3,4)=0,H3/4,ROUNDUP(H3/4,0)) -> 95372000 | BX3: TRUE | BY3: =IF(MOD(H3,4)=0,H3/4,ROUNDDOWN(H3/4,0)) -> 95372000 | CP3: TRUE | CQ3: =IF(MOD(H3,4)=0,H3/4,ROUNDUP(H3/4,0)) -> 95372000
A4: =SUBTOTAL(3,$B$2:B4) -> 3 | B4: MA | C4: Balikpapan | D4: 131264710007 | E4: MAS DARUN NAJAH | F4: Jl. Mulawarman Gg. Mufakat RT. 31 Kel. Teritip Balikpapan Timur | G4: 21 | H4: 35448000 | L4: 000.4.3.2/ | M4: 17066 | N4: /Disdikbud-Ib | O4: TRUE | P4: TRUE | Q4: TRUE | R4: TRUE | S4: TRUE | T4: TRUE | U4: TRUE | V4: TRUE | W4: TRUE | X4: TRUE | Y4: BANKALTIMTARA | Z4: 1212044195 | AA4: YYS PDK PESANTREN DARUN NAJAH | AE4: TRUE | AF4: 45875 | AH4: TRUE | AI4: 45915 | AJ4: OKE | AK4: TRUE | AL4: 45975 | AM4: OKE | AX4: TRUE | AY4: =IF(MOD(H4,4)=0,H4/4,ROUNDUP(H4/4,0)) -> 8862000 | BT4: TRUE | BU4: =IF(MOD(H4,4)=0,H4/4,ROUNDDOWN(H4/4,0)) -> 8862000 | CJ4: TRUE | CK4: =IF(MOD(H4,4)=0,H4/4,ROUNDUP(H4/4,0)) -> 8862000
A5: =SUBTOTAL(3,$B$2:B5) -> 4 | B5: MA | C5: Balikpapan | D5: 131264710002 | E5: MAS HIDAYATUL MUSTAQIM | F5: Jl. Pasar Gunung Tembak RT. 017 Kelurahan Teritip Kecamatan Balikpapan Timur | G5: 109 | H5: 183992000 | L5: 000.4.3.2/ | M5: 17067 | N5: /Disdikbud-Ib | O5: TRUE | P5: TRUE | Q5: TRUE | R5: TRUE | S5: TRUE | T5: TRUE | U5: TRUE | V5: TRUE | W5: TRUE | X5: TRUE | Y5: BANKALTIMTARA | Z5: 0032268731 | AA5: MA HIDAYATUL MUSTAQIM BPP | AE5: TRUE | AF5: 45875 | AH5: TRUE | AI5: 45915 | AJ5: Tanggal Surat Pernyatan salah | AK5: TRUE | AL5: 45973 | AM5: OKE | AX5: TRUE | AY5: =IF(MOD(H5,4)=0,H5/4,ROUNDUP(H5/4,0)) -> 45998000 | BT5: TRUE | BU5: =IF(MOD(H5,4)=0,H5/4,ROUNDDOWN(H5/4,0)) -> 45998000 | CJ5: TRUE | CK5: =IF(MOD(H5,4)=0,H5/4,ROUNDUP(H5/4,0)) -> 45998000
A6: =SUBTOTAL(3,$B$2:B6) -> 5 | B6: MA | C6: Balikpapan | D6: 131264710006 | E6: MAS MARDHATILLAH | F6: Jl. Padat Karya 1 No. 250 RT. 068, Kel. Graha Indah, kec. Balikpapan Utara KALTIM | G6: 36 | H6: 60768000 | L6: 000.4.3.2/ | M6: 17068 | N6: /Disdikbud-Ib | O6: TRUE | P6: TRUE | Q6: TRUE | R6: TRUE | S6: TRUE | T6: TRUE | U6: TRUE | V6: TRUE | W6: TRUE | X6: TRUE | Y6: BANKALTIMTARA | Z6: 0032426085 | AA6: MADRASAH ALIYAH MARDHATILAH | AE6: TRUE | AF6: 45875 | AH6: TRUE | AI6: 45973 | AJ6: Perbaikan Tgl Lap Realisasi, SPTJ, Surat Kesanggupan | AK6: TRUE | AL6: 46001 | AM6: Perbaikan tanggal surat kesanggupan | AX6: TRUE | AY6: =IF(MOD(H6,4)=0,H6/4,ROUNDUP(H6/4,0)) -> 15192000 | BX6: TRUE | BY6: =IF(MOD(H6,4)=0,H6/4,ROUNDDOWN(H6/4,0)) -> 15192000 | CP6: TRUE | CQ6: =IF(MOD(H6,4)=0,H6/4,ROUNDUP(H6/4,0)) -> 15192000
A7: =SUBTOTAL(3,$B$2:B7) -> 6 | B7: MA | C7: Balikpapan | D7: 131264710003 | E7: MAS RAADHIYATAN MARDHIYYAH PUTRI | F7: Jl. Mulawarman RT. 026, kelurahan teritip, kecamatan balikpapan Timur. | G7: 165 | H7: 278520000 | L7: 000.4.3.2/ | M7: 17069 | N7: /Disdikbud-Ib | O7: TRUE | P7: TRUE | Q7: TRUE | R7: TRUE | S7: TRUE | T7: TRUE | U7: TRUE | V7: TRUE | W7: TRUE | X7: TRUE | Y7: BANKALTIMTARA | Z7: 1212117681 | AA7: MA RAADHIYATAN MARDHIYYAH PUTR | AE7: TRUE | AF7: 45875 | AH7: TRUE | AI7: 45915 | AK7: TRUE | AL7: 45973 | AM7: OKE | AX7: TRUE | AY7: =IF(MOD(H7,4)=0,H7/4,ROUNDUP(H7/4,0)) -> 69630000 | BT7: TRUE | BU7: =IF(MOD(H7,4)=0,H7/4,ROUNDDOWN(H7/4,0)) -> 69630000 | CJ7: TRUE | CK7: =IF(MOD(H7,4)=0,H7/4,ROUNDUP(H7/4,0)) -> 69630000
A8: =SUBTOTAL(3,$B$2:B8) -> 7 | B8: SMA | C8: Balikpapan | D8: 30401501 | E8: SMAS KARTIKA V-1 | F8: JL. TANJUNG PURA 1 BALIKPAPAN | G8: 456 | H8: 745788000 | L8: 000.4.3.2/ | M8: 17086 | N8: /Disdikbud-Ib | O8: TRUE | P8: TRUE | Q8: TRUE | R8: TRUE | S8: TRUE | T8: TRUE | U8: TRUE | V8: TRUE | W8: TRUE | X8: TRUE | Y8: BANKALTIMTARA | Z8: 0032423949 | AA8: SMU KARTIKA V-1 BALIKPAPAN | AE8: TRUE | AF8: 45880 | AH8: TRUE | AI8: 45945 | AJ8: Laporan Kegiatan | AK8: TRUE | AL8: 46008 | AM8: OKE | AX8: TRUE | AY8: =IF(MOD(H8,4)=0,H8/4,ROUNDUP(H8/4,0)) -> 186447000 | BV8: TRUE | BW8: =IF(MOD(H8,4)=0,H8/4,ROUNDDOWN(H8/4,0)) -> 186447000 | CR8: TRUE | CS8: =IF(MOD(H8,4)=0,H8/4,ROUNDUP(H8/4,0)) -> 186447000
A9: =SUBTOTAL(3,$B$2:B9) -> 8 | B9: MA | C9: Balikpapan | D9: 131264710004 | E9: MAS RADHIYATAN MARDHIYYAH PUTRA | F9: Jl. Mulawarman RT. 025, kelurahan teritip, kecamatan balikpapan Timur. | G9: 117 | H9: 197496000 | L9: 000.4.3.2/ | M9: 17070 | N9: /Disdikbud-Ib | O9: TRUE | P9: TRUE | Q9: TRUE | R9: TRUE | S9: TRUE | T9: TRUE | U9: TRUE | V9: TRUE | W9: TRUE | X9: TRUE | Y9: BANKALTIMTARA | Z9: 0032250718 | AA9: MA RAADHIYATAN MARDHIYYAH PUTR | AE9: TRUE | AF9: 45875 | AH9: TRUE | AI9: 45915 | AJ9: OKE | AK9: TRUE | AL9: 45973 | AM9: Oke | AX9: TRUE | AY9: =IF(MOD(H9,4)=0,H9/4,ROUNDUP(H9/4,0)) -> 49374000 | BT9: TRUE | BU9: =IF(MOD(H9,4)=0,H9/4,ROUNDDOWN(H9/4,0)) -> 49374000 | CJ9: TRUE | CK9: =IF(MOD(H9,4)=0,H9/4,ROUNDUP(H9/4,0)) -> 49374000
A10: =SUBTOTAL(3,$B$2:B10) -> 9 | B10: MA | C10: Balikpapan | D10: 131264710005 | E10: MAS SABILAL MUHTADIN | F10: Jl. P.Antasari RT. 062 No. 51, Kelurahan Karang Rejo Balikpapan | G10: 33 | H10: 55704000 | L10: 000.4.3.2/ | M10: 17071 | N10: /Disdikbud-Ib | O10: TRUE | P10: TRUE | Q10: TRUE | R10: FALSE | S10: TRUE | T10: TRUE | U10: TRUE | V10: TRUE | W10: TRUE | X10: TRUE | Y10: BANKALTIMTARA | Z10: 0032597289 | AA10: MA SABILAL MUHTADIN BALIKPAPAN | AE10: TRUE | AF10: 45875 | AH10: TRUE | AI10: 45915 | AJ10: OKE | AK10: TRUE | AL10: 45973 | AM10: OKE | AX10: TRUE | AY10: =IF(MOD(H10,4)=0,H10/4,ROUNDUP(H10/4,0)) -> 13926000 | BT10: TRUE | BU10: =IF(MOD(H10,4)=0,H10/4,ROUNDDOWN(H10/4,0)) -> 13926000 | CJ10: TRUE | CK10: =IF(MOD(H10,4)=0,H10/4,ROUNDUP(H10/4,0)) -> 13926000
A11: =SUBTOTAL(3,$B$2:B11) -> 10 | B11: SLB | C11: Balikpapan | D11: 69965143 | E11: Sekolah Khusus Santo Fransiskus Assisi | F11: Jalan. Mayor (Pol) Zaenal Arifin No. 40 Rt. 18 Dam | G11: 81 | H11: 160825500 | L11: 000.4.3.2/ | M11: 17072 | N11: /Disdikbud-Ib | O11: TRUE | P11: TRUE | Q11: TRUE | R11: TRUE | S11: TRUE | T11: TRUE | U11: TRUE | V11: TRUE | W11: TRUE | X11: TRUE | Y11: BANKALTIMTARA | Z11: 0031576245 | AA11: 69965143 SKH ST FRANSISKUS A | AE11: TRUE | AF11: 45875 | AG11: Perbaikan (SPTJ belum ada saldo awal) | AH11: TRUE | AI11: 45943 | AJ11: Rekening koran tidak lengkap, sptjb tidak ada saldo awal | AK11: TRUE | AL11: 45996 | AM11: Perbaikan (SPTJ belum ada saldo awal) | AX11: TRUE | AY11: =IF(MOD(H11,4)=0,H11/4,ROUNDUP(H11/4,0)) -> 40206375 | BV11: TRUE | BW11: =IF(MOD(H11,4)=0,H11/4,ROUNDDOWN(H11/4,0)) -> 40206375 | CP11: TRUE | CQ11: =IF(MOD(H11,4)=0,H11/4,ROUNDUP(H11/4,0)) -> 40206375
A12: =SUBTOTAL(3,$B$2:B12) -> 11 | B12: SLB | C12: Balikpapan | D12: 30402882 | E12: SLB DHARMA KENCANA BALIKPAPAN | F12: Jl. Pembangunan No.30 Blok A | G12: 130 | H12: 258115000 | L12: 000.4.3.2/ | M12: 17073 | N12: /Disdikbud-Ib | O12: TRUE | P12: TRUE | Q12: TRUE | R12: TRUE | S12: TRUE | T12: TRUE | U12: TRUE | V12: TRUE | W12: TRUE | X12: TRUE | Y12: BANKALTIMTARA | Z12: 0032309364 | AA12: SLB DHARMA KENCANA | AE12: TRUE | AF12: 45882 | AH12: TRUE | AI12: 45915 | AJ12: Tanggal Kata Pengantar dan tgl sptjb dan Lap Realisasi | AK12: TRUE | AL12: 45993 | AM12: OKE | AX12: TRUE | AY12: =IF(MOD(H12,4)=0,H12/4,ROUNDUP(H12/4,0)) -> 64528750 | BT12: TRUE | BU12: =IF(MOD(H12,4)=0,H12/4,ROUNDDOWN(H12/4,0)) -> 64528750 | CN12: TRUE | CO12: =IF(MOD(H12,4)=0,H12/4,ROUNDUP(H12/4,0)) -> 64528750
A13: =SUBTOTAL(3,$B$2:B13) -> 12 | B13: SLB | C13: Balikpapan | D13: 30402883 | E13: SLB TUNAS BANGSA | F13: Jl. Kutilang Rss Damai Iii Rt. 28 | G13: 84 | H13: 166782000 | L13: 000.4.3.2/ | M13: 17074 | N13: /Disdikbud-Ib | O13: TRUE | P13: TRUE | Q13: TRUE | R13: TRUE | S13: TRUE | T13: TRUE | U13: TRUE | V13: TRUE | W13: TRUE | X13: FALSE | Y13: BANKALTIMTARA | Z13: 1022021202 | AA13: SLB TUNAS BANGSA | AE13: TRUE | AF13: 45897 | AG13: OKE | AH13: TRUE | AI13: 45922 | AJ13: OKE | AK13: TRUE | AL13: 45979 | AM13: OKE | AZ13: TRUE | BA13: =IF(MOD(H13,4)=0,H13/4,ROUNDUP(H13/4,0)) -> 41695500 | BT13: TRUE | BU13: =IF(MOD(H13,4)=0,H13/4,ROUNDDOWN(H13/4,0)) -> 41695500 | CJ13: TRUE | CK13: =IF(MOD(H13,4)=0,H13/4,ROUNDUP(H13/4,0)) -> 41695500
A14: =SUBTOTAL(3,$B$2:B14) -> 13 | B14: SMA | C14: Balikpapan | D14: 70048473 | E14: SMA AL IMAM ISLAMIC SCHOOL BALIKPAPAN | F14: JL. BUKIT CINTA DAMAI | G14: 24 | H14: 39252000 | L14: 000.4.3.2/ | M14: 17075 | N14: /Disdikbud-Ib | O14: TRUE | P14: TRUE | Q14: TRUE | R14: TRUE | S14: TRUE | T14: TRUE | U14: TRUE | V14: TRUE | W14: TRUE | X14: TRUE | Y14: BANKALTIMTARA | Z14: 0032943012 | AA14: SMA AL IMAN ISLAMIC SCHOOL BPP | AD14: Sekolah Baru | AE14: TRUE | AF14: 45876 | AH14: TRUE | AI14: 45931 | AK14: TRUE | AL14: 45967 | AM14: OKE | AX14: TRUE | AY14: =IF(MOD(H14,4)=0,H14/4,ROUNDUP(H14/4,0)) -> 9813000 | BT14: TRUE | BU14: =IF(MOD(H14,4)=0,H14/4,ROUNDDOWN(H14/4,0)) -> 9813000 | CJ14: TRUE | CK14: =IF(MOD(H14,4)=0,H14/4,ROUNDUP(H14/4,0)) -> 9813000
A15: =SUBTOTAL(3,$B$2:B15) -> 14 | B15: SMA | C15: Balikpapan | D15: 69987671 | E15: SMA INTEGRAL LUQMAN AL HAKIM | F15: Jl. Perjuangan No.72 RT 06 | G15: 56 | H15: 91588000 | L15: 000.4.3.2/ | M15: 17076 | N15: /Disdikbud-Ib | O15: TRUE | P15: TRUE | Q15: FALSE | R15: TRUE | S15: TRUE | T15: TRUE | U15: TRUE | V15: TRUE | W15: FALSE | X15: TRUE | Y15: BANKALTIMTARA | Z15: 5000459283 | AA15: SMA INTEGRAL LUQMAN AL HAKIM BALIKPAPAN | AE15: FALSE | AH15: FALSE | AK15: FALSE
A16: =SUBTOTAL(3,$B$2:B16) -> 15 | B16: SMA | C16: Balikpapan | D16: 69901305 | E16: SMA IT AL AULIYA | F16: MT. HARYONO RT. 43 | G16: 222 | H16: 363081000 | L16: 000.4.3.2/ | M16: 17077 | N16: /Disdikbud-Ib | O16: TRUE | P16: TRUE | Q16: TRUE | R16: TRUE | S16: TRUE | T16: TRUE | U16: TRUE | V16: TRUE | W16: TRUE | X16: TRUE | Y16: BNI | Z16: 0436832875 | AA16: SMA IT AL AULIYA BALIKPAPAN | AE16: TRUE | AF16: 45876 | AG16: Laporan Realisasi Perbaikan | AH16: TRUE | AI16: 45931 | AK16: TRUE | AL16: 45967 | AM16: OKE | AX16: TRUE | AY16: =IF(MOD(H16,4)=0,H16/4,ROUNDUP(H16/4,0)) -> 90770250 | BT16: TRUE | BU16: =IF(MOD(H16,4)=0,H16/4,ROUNDDOWN(H16/4,0)) -> 90770250 | CJ16: TRUE | CK16: =IF(MOD(H16,4)=0,H16/4,ROUNDUP(H16/4,0)) -> 90770250
A17: =SUBTOTAL(3,$B$2:B17) -> 16 | B17: SMA | C17: Balikpapan | D17: 70046800 | E17: SMA IT AL AZHAR BOARDING SCHOOL | F17: Jl. Mulawarman RT.041 | G17: 23 | H17: 37616500 | L17: 000.4.3.2/ | M17: 17078 | N17: /Disdikbud-Ib | O17: TRUE | P17: TRUE | Q17: FALSE | R17: FALSE | S17: FALSE | T17: TRUE | U17: TRUE | V17: TRUE | W17: TRUE | X17: TRUE | Y17: BANKALTIMTARA | Z17: 5000459362 | AA17: SMA IT AL AZHAR BOARDING SCHOOL | AD17: Sekolah Baru | AE17: TRUE | AF17: 45876 | AG17: OKE | AH17: TRUE | AI17: 45931 | AK17: TRUE | AL17: 45967 | AM17: OKE | AX17: TRUE | AY17: =IF(MOD(H17,4)=0,H17/4,ROUNDUP(H17/4,0)) -> 9404125 | BT17: TRUE | BU17: =IF(MOD(H17,4)=0,H17/4,ROUNDDOWN(H17/4,0)) -> 9404125 | CJ17: TRUE | CK17: =IF(MOD(H17,4)=0,H17/4,ROUNDUP(H17/4,0)) -> 9404125
A18: =SUBTOTAL(3,$B$2:B18) -> 17 | B18: SMA | C18: Balikpapan | D18: 69974737 | E18: SMA KRISTEN HARAPAN BANGSA | F18: JL. INDRAKILA RT 04 NO 99 G | G18: 99 | H18: 161914500 | L18: 000.4.3.2/ | M18: 17079 | N18: /Disdikbud-Ib | O18: TRUE | P18: TRUE | Q18: TRUE | R18: TRUE | S18: TRUE | T18: TRUE | U18: TRUE | V18: TRUE | W18: TRUE | X18: TRUE | Y18: BANKALTIMTARA | Z18: 0034212741 | AA18: SMA KRISTEN HARAPAN BANGSA | AE18: TRUE | AF18: 45894 | AG18: OKE | AH18: TRUE | AI18: 45931 | AK18: TRUE | AL18: 45967 | AM18: OKE | AZ18: TRUE | BA18: =IF(MOD(H18,4)=0,H18/4,ROUNDUP(H18/4,0)) -> 40478625 | BT18: TRUE | BU18: =IF(MOD(H18,4)=0,H18/4,ROUNDDOWN(H18/4,0)) -> 40478625 | CJ18: TRUE | CK18: =IF(MOD(H18,4)=0,H18/4,ROUNDUP(H18/4,0)) -> 40478625
A19: =SUBTOTAL(3,$B$2:B19) -> 18 | B19: SMA | C19: Balikpapan | D19: 30401498 | E19: SMA MUHAMMADIYAH 2 AL-MUJAHIDIN | F19: JL. SOEKARNO HATTA KM. 10 | G19: 374 | H19: 611677000 | L19: 000.4.3.2/ | M19: 17080 | N19: /Disdikbud-Ib | O19: TRUE | P19: TRUE | Q19: TRUE | R19: TRUE | S19: TRUE | T19: TRUE | U19: TRUE | V19: TRUE | W19: TRUE | X19: TRUE | Y19: BANKALTIMTARA | Z19: 0032252320 | AA19: SMA MUHAMMADIYAH 2 BALIKPAPAN | AE19: TRUE | AF19: 45876 | AH19: TRUE | AI19: 45931 | AK19: TRUE | AL19: 45967 | AM19: OKE | AX19: TRUE | AY19: =IF(MOD(H19,4)=0,H19/4,ROUNDUP(H19/4,0)) -> 152919250 | BT19: TRUE | BU19: =IF(MOD(H19,4)=0,H19/4,ROUNDDOWN(H19/4,0)) -> 152919250 | CJ19: TRUE | CK19: =IF(MOD(H19,4)=0,H19/4,ROUNDUP(H19/4,0)) -> 152919250
A20: =SUBTOTAL(3,$B$2:B20) -> 19 | B20: SMA | C20: Balikpapan | D20: 70028641 | E20: SMA NASIONAL KPS | F20: Jl. Sport No.1 RT.19 | G20: 174 | H20: 284577000 | L20: 000.4.3.2/ | M20: 17081 | N20: /Disdikbud-Ib | O20: TRUE | P20: TRUE | Q20: TRUE | R20: TRUE | S20: TRUE | T20: TRUE | U20: TRUE | V20: TRUE | W20: TRUE | X20: TRUE | Y20: BANKALTIMTARA | Z20: 0031476518 | AA20: SMA NASIONAL KPS | AE20: TRUE | AF20: 45894 | AG20: OKE | AH20: TRUE | AI20: 45931 | AK20: TRUE | AL20: 45967 | AM20: OKE | AZ20: TRUE | BA20: =IF(MOD(H20,4)=0,H20/4,ROUNDUP(H20/4,0)) -> 71144250 | BT20: TRUE | BU20: =IF(MOD(H20,4)=0,H20/4,ROUNDDOWN(H20/4,0)) -> 71144250 | CJ20: TRUE | CK20: =IF(MOD(H20,4)=0,H20/4,ROUNDUP(H20/4,0)) -> 71144250
A21: =SUBTOTAL(3,$B$2:B21) -> 20 | B21: SMA | C21: Balikpapan | D21: 70010866 | E21: SMAIT Istiqamah Balikpapan | F21: Jl. Kol. H. Syarifuddin Yoes No 1 RT 41 | G21: 145 | H21: 237147500 | L21: 000.4.3.2/ | M21: 17082 | N21: /Disdikbud-Ib | O21: TRUE | P21: TRUE | Q21: TRUE | R21: TRUE | S21: TRUE | T21: TRUE | U21: TRUE | V21: TRUE | W21: TRUE | X21: TRUE | Y21: BANKALTIMTARA | Z21: 1671501477 | AA21: 70010866 SMAIT ISTIQAMAH BPP | AE21: TRUE | AF21: 45876 | AH21: TRUE | AI21: 45931 | AK21: TRUE | AL21: 45967 | AM21: OKE | AX21: TRUE | AY21: =IF(MOD(H21,4)=0,H21/4,ROUNDUP(H21/4,0)) -> 59286875 | BT21: TRUE | BU21: =IF(MOD(H21,4)=0,H21/4,ROUNDDOWN(H21/4,0)) -> 59286875 | CJ21: TRUE | CK21: =IF(MOD(H21,4)=0,H21/4,ROUNDUP(H21/4,0)) -> 59286875
A22: =SUBTOTAL(3,$B$2:B22) -> 21 | B22: SMA | C22: Balikpapan | D22: 69974739 | E22: SMAIT TRI SUKSES GENERUS | F22: Jl. Guntur Damai, RT. 38 | G22: 129 | H22: 210979500 | L22: 000.4.3.2/ | M22: 17083 | N22: /Disdikbud-Ib | O22: TRUE | P22: TRUE | Q22: TRUE | R22: TRUE | S22: TRUE | T22: TRUE | U22: TRUE | V22: TRUE | W22: TRUE | X22: TRUE | Y22: BANKALTIMTARA | Z22: 0032564364 | AA22: SMAIT TRI SUKSES GENERUS | AE22: TRUE | AF22: 45876 | AG22: OKE | AH22: TRUE | AI22: 45931 | AK22: TRUE | AL22: 45967 | AM22: OKE | AX22: TRUE | AY22: =IF(MOD(H22,4)=0,H22/4,ROUNDUP(H22/4,0)) -> 52744875 | BT22: TRUE | BU22: =IF(MOD(H22,4)=0,H22/4,ROUNDDOWN(H22/4,0)) -> 52744875 | CJ22: TRUE | CK22: =IF(MOD(H22,4)=0,H22/4,ROUNDUP(H22/4,0)) -> 52744875
A23: =SUBTOTAL(3,$B$2:B23) -> 22 | B23: SMA | C23: Balikpapan | D23: 30401409 | E23: SMAS ADVENT | F23: JL. KAPTEN PIERE TENDEAN NO.57 | G23: 91 | H23: 148830500 | L23: 000.4.3.2/ | M23: 17084 | N23: /Disdikbud-Ib | O23: TRUE | P23: TRUE | Q23: TRUE | R23: TRUE | S23: TRUE | T23: TRUE | U23: TRUE | V23: TRUE | W23: TRUE | X23: TRUE | Y23: BANKALTIMTARA | Z23: 0031576237 | AA23: 30401409 SMAS ADVENT | AE23: TRUE | AF23: 45876 | AH23: TRUE | AI23: 45931 | AK23: TRUE | AL23: 45967 | AM23: OKE | AX23: TRUE | AY23: =IF(MOD(H23,4)=0,H23/4,ROUNDUP(H23/4,0)) -> 37207625 | BT23: TRUE | BU23: =IF(MOD(H23,4)=0,H23/4,ROUNDDOWN(H23/4,0)) -> 37207625 | CJ23: TRUE | CK23: =IF(MOD(H23,4)=0,H23/4,ROUNDUP(H23/4,0)) -> 37207625
A24: =SUBTOTAL(3,$B$2:B24) -> 23 | B24: SMA | C24: Balikpapan | D24: 30402919 | E24: SMAS AL HASSAN | F24: JL. TELAGA SARI KOMPLEK PELAJAR | G24: 67 | H24: 109578500 | L24: 000.4.3.2/ | M24: 17085 | N24: /Disdikbud-Ib | O24: TRUE | P24: TRUE | Q24: TRUE | R24: TRUE | S24: TRUE | T24: TRUE | U24: TRUE | V24: TRUE | W24: TRUE | X24: TRUE | Y24: BANKALTIMTARA | Z24: 0032459480 | AA24: SMA AL-HASSAN BALIKPAPAN | AE24: TRUE | AF24: 45876 | AH24: TRUE | AI24: 45931 | AK24: TRUE | AL24: 45967 | AM24: OKE | AX24: TRUE | AY24: =IF(MOD(H24,4)=0,H24/4,ROUNDUP(H24/4,0)) -> 27394625 | BT24: TRUE | BU24: =IF(MOD(H24,4)=0,H24/4,ROUNDDOWN(H24/4,0)) -> 27394625 | CJ24: TRUE | CK24: =IF(MOD(H24,4)=0,H24/4,ROUNDUP(H24/4,0)) -> 27394625
A25: =SUBTOTAL(3,$B$2:B25) -> 24 | B25: SMA | C25: Balikpapan | D25: 30401500 | E25: SMAS KATHOLIK ADI SUCIPTO | F25: JL. MT HARYONO RT. 42 | G25: 173 | H25: 282941500 | L25: 000.4.3.2/ | M25: 17087 | N25: /Disdikbud-Ib | O25: TRUE | P25: TRUE | Q25: TRUE | R25: TRUE | S25: TRUE | T25: TRUE | U25: TRUE | V25: TRUE | W25: TRUE | X25: TRUE | Y25: BANKALTIMTARA | Z25: 0031576253 | AA25: 30401500 SMAS KATHOLIK ADI S | AE25: TRUE | AF25: 45904 | AG25: Tanggal SUrat Pernyataan | AH25: TRUE | AI25: 45943 | AJ25: Perbaikan tanggal surat pernyataan, | AK25: TRUE | AL25: 45996 | AM25: Perbaikan tanggal SPTJB dan Lap Realisasi | BB25: TRUE | BC25: =IF(MOD(H25,4)=0,H25/4,ROUNDUP(H25/4,0)) -> 70735375 | BV25: TRUE | BW25: =IF(MOD(H25,4)=0,H25/4,ROUNDDOWN(H25/4,0)) -> 70735375 | CP25: TRUE | CQ25: =IF(MOD(H25,4)=0,H25/4,ROUNDUP(H25/4,0)) -> 70735375
A26: =SUBTOTAL(3,$B$2:B26) -> 25 | B26: SMA | C26: Balikpapan | D26: 30401499 | E26: SMAS MUHAMMADIYAH 1 | F26: JL. LETJEND S. PARMAN RT 24 NO.19 | G26: 56 | H26: 91588000 | L26: 000.4.3.2/ | M26: 17088 | N26: /Disdikbud-Ib | O26: TRUE | P26: TRUE | Q26: TRUE | R26: TRUE | S26: TRUE | T26: TRUE | U26: TRUE | V26: TRUE | W26: TRUE | X26: TRUE | Y26: BNI | Z26: 0298531779 | AA26: SMAS MUHAMMADIYAH 1 | AE26: TRUE | AF26: 45876 | AH26: TRUE | AI26: 45931 | AK26: TRUE | AL26: 45973 | AM26: OKE | AX26: TRUE | AY26: =IF(MOD(H26,4)=0,H26/4,ROUNDUP(H26/4,0)) -> 22897000 | BT26: TRUE | BU26: =IF(MOD(H26,4)=0,H26/4,ROUNDDOWN(H26/4,0)) -> 22897000 | CJ26: TRUE | CK26: =IF(MOD(H26,4)=0,H26/4,ROUNDUP(H26/4,0)) -> 22897000
A27: =SUBTOTAL(3,$B$2:B27) -> 26 | B27: SMA | C27: Balikpapan | D27: 30401497 | E27: SMAS NUSANTARA | F27: JL. Gunung Samarinda IV No. 34 RT. 42 Balikpapan U | G27: 220 | H27: 359810000 | L27: 000.4.3.2/ | M27: 17089 | N27: /Disdikbud-Ib | O27: TRUE | P27: TRUE | Q27: TRUE | R27: TRUE | S27: TRUE | T27: TRUE | U27: TRUE | V27: TRUE | W27: TRUE | X27: TRUE | Y27: BANKALTIMTARA | Z27: 0032251285 | AA27: SMA NUSANTARA BALIKPAPAN | AE27: TRUE | AF27: 45876 | AH27: TRUE | AI27: 45931 | AK27: TRUE | AL27: 45967 | AM27: OKE | AX27: TRUE | AY27: =IF(MOD(H27,4)=0,H27/4,ROUNDUP(H27/4,0)) -> 89952500 | BT27: TRUE | BU27: =IF(MOD(H27,4)=0,H27/4,ROUNDDOWN(H27/4,0)) -> 89952500 | CJ27: TRUE | CK27: =IF(MOD(H27,4)=0,H27/4,ROUNDUP(H27/4,0)) -> 89952500
A28: =SUBTOTAL(3,$B$2:B28) -> 27 | B28: SMA | C28: Balikpapan | D28: 30401496 | E28: SMAS PATRA DHARMA | F28: JL. WARUKIN III PANORAMA | G28: 452 | H28: 739246000 | L28: 000.4.3.2/ | M28: 17090 | N28: /Disdikbud-Ib | O28: TRUE | P28: TRUE | Q28: TRUE | R28: TRUE | S28: TRUE | T28: TRUE | U28: TRUE | V28: TRUE | W28: TRUE | X28: TRUE | Y28: BNI | Z28: 0297211864 | AA28: SMA PATRA DHARMA | AE28: TRUE | AF28: 45894 | AG28: Perbaikan Laporan Realisasi dan SPTJM | AH28: TRUE | AI28: 45931 | AK28: TRUE | AL28: 45973 | AM28: OKE | AZ28: TRUE | BA28: =IF(MOD(H28,4)=0,H28/4,ROUNDUP(H28/4,0)) -> 184811500 | BT28: TRUE | BU28: =IF(MOD(H28,4)=0,H28/4,ROUNDDOWN(H28/4,0)) -> 184811500 | CJ28: TRUE | CK28: =IF(MOD(H28,4)=0,H28/4,ROUNDUP(H28/4,0)) -> 184811500
A29: =SUBTOTAL(3,$B$2:B29) -> 28 | B29: SMA | C29: Balikpapan | D29: 30401493 | E29: SMAS SYAICHONA CHOLIL | F29: JL. MULAWARMAN RT 10 NO.59 | G29: 117 | H29: 191353500 | L29: 000.4.3.2/ | M29: 17091 | N29: /Disdikbud-Ib | O29: TRUE | P29: TRUE | Q29: TRUE | R29: TRUE | S29: TRUE | T29: TRUE | U29: FALSE | V29: TRUE | W29: TRUE | X29: TRUE | Y29: BANKALTIMTARA | Z29: 0032333231 | AA29: SMA SYAICHONA CHOLIL | AE29: TRUE | AF29: 45876 | AH29: TRUE | AI29: 45931 | AK29: TRUE | AL29: 45967 | AM29: OKE | AX29: TRUE | AY29: =IF(MOD(H29,4)=0,H29/4,ROUNDUP(H29/4,0)) -> 47838375 | BT29: TRUE | BU29: =IF(MOD(H29,4)=0,H29/4,ROUNDDOWN(H29/4,0)) -> 47838375 | CJ29: TRUE | CK29: =IF(MOD(H29,4)=0,H29/4,ROUNDUP(H29/4,0)) -> 47838375
A30: =SUBTOTAL(3,$B$2:B30) -> 29 | B30: SMK | C30: Balikpapan | D30: 69869763 | E30: SMK BHAKTI INDONESIA | F30: Jl. Pattimura No 25 RT 28 Perumahan Sosial | G30: 8 | H30: 15662000 | L30: 000.4.3.2/ | M30: 17092 | N30: /Disdikbud-Ib | O30: TRUE | P30: TRUE | Q30: TRUE | R30: TRUE | S30: TRUE | T30: TRUE | U30: TRUE | V30: TRUE | W30: TRUE | X30: TRUE | Y30: BANKALTIMTARA | Z30: 0031476411 | AA30: SMK BHAKTI INDONESIA | AE30: TRUE | AF30: 45870 | AH30: TRUE | AI30: 45938 | AJ30: OKE | AK30: TRUE | AL30: 45978 | AM30: OKE | AX30: TRUE | AY30: =IF(MOD(H30,4)=0,H30/4,ROUNDUP(H30/4,0)) -> 3915500 | BT30: TRUE | BU30: =IF(MOD(H30,4)=0,H30/4,ROUNDDOWN(H30/4,0)) -> 3915500 | CJ30: TRUE | CK30: =IF(MOD(H30,4)=0,H30/4,ROUNDUP(H30/4,0)) -> 3915500
A31: =SUBTOTAL(3,$B$2:B31) -> 30 | B31: SMK | C31: Balikpapan | D31: 69894554 | E31: SMK BINA PRESTASI AMI BALIKPAPAN | F31: Telindung Jl Masjid Al-Kahfi RT 86 | G31: 267 | H31: 522719250 | L31: 000.4.3.2/ | M31: 17093 | N31: /Disdikbud-Ib | O31: TRUE | P31: TRUE | Q31: TRUE | R31: TRUE | S31: TRUE | T31: TRUE | U31: TRUE | V31: TRUE | W31: TRUE | X31: TRUE | Y31: BANKALTIMTARA | Z31: 0031476097 | AA31: SMK BINA PRESTASI AMI BPP | AE31: TRUE | AF31: 45870 | AH31: TRUE | AI31: 45938 | AJ31: OKE | AK31: TRUE | AL31: 45978 | AM31: OKE | AX31: TRUE | AY31: =IF(MOD(H31,4)=0,H31/4,ROUNDUP(H31/4,0)) -> 130679813 | BT31: TRUE | BU31: =IF(MOD(H31,4)=0,H31/4,ROUNDDOWN(H31/4,0)) -> 130679812 | CJ31: TRUE | CK31: =IF(MOD(H31,4)=0,H31/4,ROUNDUP(H31/4,0)) -> 130679813
A32: =SUBTOTAL(3,$B$2:B32) -> 31 | B32: SMK | C32: Balikpapan | D32: 70040456 | E32: SMK CENDEKIA AL-IZZAH | F32: JL SEI WAIN KM 15 RT 033 | G32: 30 | H32: 58732500 | L32: 000.4.3.2/ | M32: 17094 | N32: /Disdikbud-Ib | O32: TRUE | P32: TRUE | Q32: TRUE | R32: FALSE | S32: FALSE | T32: TRUE | U32: TRUE | V32: TRUE | W32: TRUE | X32: TRUE | Y32: BANKALTIMTARA | Z32: 0034234256 | AA32: SMK CENDEKIA AL IZZAH | AE32: TRUE | AF32: 45916 | AG32: Laporan Kegiatan, Lap Realisasi tidak ada, Perbaikan SPTJB | AH32: TRUE | AI32: 45979 | AJ32: Laporan Kegiatan, Lap Realisasi tidak ada, Perbaikan SPTJB | AK32: TRUE | AL32: 46020 | AM32: Perbaikan (proses) | BB32: TRUE | BC32: =IF(MOD(H32,4)=0,H32/4,ROUNDUP(H32/4,0)) -> 14683125 | BX32: TRUE | BY32: =IF(MOD(H32,4)=0,H32/4,ROUNDDOWN(H32/4,0)) -> 14683125 | CT32: TRUE | CU32: =IF(MOD(H32,4)=0,H32/4,ROUNDUP(H32/4,0)) -> 14683125
A33: =SUBTOTAL(3,$B$2:B33) -> 32 | B33: SMK | C33: Balikpapan | D33: 69982415 | E33: SMK MIGAS INSAN KAMIL BALIKPAPAN | F33: Jl. Ksatrian KM.8 RT.38 Kel. Graha Indah Balikpapa | G33: 278 | H33: 544254500 | L33: 000.4.3.2/ | M33: 17095 | N33: /Disdikbud-Ib | O33: TRUE | P33: FALSE | Q33: TRUE | R33: FALSE | S33: FALSE | T33: FALSE | U33: TRUE | V33: TRUE | W33: TRUE | X33: FALSE | Y33: BANKALTIMTARA | Z33: 0031476232 | AA33: SMK MIGAS INSAN KAMIL | AE33: FALSE | AH33: FALSE | AK33: FALSE
A34: =SUBTOTAL(3,$B$2:B34) -> 33 | B34: SMK | C34: Balikpapan | D34: 69939919 | E34: SMK NURUL KHAERAT LIL MUHIBBIN | F34: JL. SEPINGGAN BARU RT. 17 | G34: 8 | H34: 15662000 | L34: 000.4.3.2/ | M34: 17096 | N34: /Disdikbud-Ib | O34: TRUE | P34: FALSE | Q34: FALSE | R34: TRUE | S34: TRUE | T34: TRUE | U34: TRUE | V34: TRUE | W34: TRUE | X34: FALSE | Y34: BANKALTIMTARA | Z34: 0031476356 | AA34: SMK NURUL KHAEERAT LILMUHIBBIN | AE34: FALSE | AH34: FALSE | AK34: FALSE
A35: =SUBTOTAL(3,$B$2:B35) -> 34 | B35: SMK | C35: Balikpapan | D35: 69960805 | E35: SMK PERSADA BHAKTI BALIKPAPAN | F35: JL. PRONA II GG.5 RT 24 NO. 99 | G35: 313 | H35: 612775750 | L35: 000.4.3.2/ | M35: 17097 | N35: /Disdikbud-Ib | O35: TRUE | P35: TRUE | Q35: TRUE | R35: TRUE | S35: TRUE | T35: TRUE | U35: TRUE | V35: TRUE | W35: TRUE | X35: TRUE | Y35: BANKALTIMTARA | Z35: 0031576491 | AA35: 69960805 SMK PERSADA BHAKTI BP | AE35: TRUE | AF35: 45870 | AH35: TRUE | AI35: 45946 | AJ35: Perbaikan tanggal SPTJB | AK35: TRUE | AL35: 46002 | AM35: OKE | AX35: TRUE | AY35: =IF(MOD(H35,4)=0,H35/4,ROUNDUP(H35/4,0)) -> 153193938 | BV35: TRUE | BW35: =IF(MOD(H35,4)=0,H35/4,ROUNDDOWN(H35/4,0)) -> 153193937 | CR35: TRUE | CS35: =IF(MOD(H35,4)=0,H35/4,ROUNDUP(H35/4,0)) -> 153193938
A36: =SUBTOTAL(3,$B$2:B36) -> 35 | B36: SMK | C36: Balikpapan | D36: 30407679 | E36: SMK SINAR PANCASILA | F36: JL. TELAGA SARI GN.PASIR | G36: 95 | H36: 185986250 | L36: 000.4.3.2/ | M36: 17098 | N36: /Disdikbud-Ib | O36: TRUE | P36: TRUE | Q36: TRUE | R36: TRUE | S36: TRUE | T36: TRUE | U36: TRUE | V36: TRUE | W36: TRUE | X36: TRUE | Y36: BANKALTIMTARA | Z36: 0031476178 | AA36: SMK SINAR PANCASILA BALIKPAPAN | AE36: TRUE | AF36: 45870 | AH36: TRUE | AI36: 45938 | AJ36: OKE | AK36: TRUE | AL36: 45978 | AM36: OKE | AX36: TRUE | AY36: =IF(MOD(H36,4)=0,H36/4,ROUNDUP(H36/4,0)) -> 46496563 | BT36: TRUE | BU36: =IF(MOD(H36,4)=0,H36/4,ROUNDDOWN(H36/4,0)) -> 46496562 | CJ36: TRUE | CK36: =IF(MOD(H36,4)=0,H36/4,ROUNDUP(H36/4,0)) -> 46496563
A37: =SUBTOTAL(3,$B$2:B37) -> 36 | B37: SMK | C37: Balikpapan | D37: 30407677 | E37: SMKS ADZKIYA | F37: JL. MULAWARMAN KOMPLEK PERUMAHAN RAWA MANGUN INDAH | G37: 421 | H37: 824212750 | L37: 000.4.3.2/ | M37: 17099 | N37: /Disdikbud-Ib | O37: TRUE | P37: TRUE | Q37: TRUE | R37: TRUE | S37: TRUE | T37: TRUE | U37: TRUE | V37: TRUE | W37: TRUE | X37: TRUE | Y37: BANKALTIMTARA | Z37: 0031475961 | AA37: SMK ADZKIYA | AE37: TRUE | AF37: 45870 | AH37: TRUE | AI37: 45938 | AJ37: OKE | AK37: TRUE | AL37: 45978 | AM37: OKE | AX37: TRUE | AY37: =IF(MOD(H37,4)=0,H37/4,ROUNDUP(H37/4,0)) -> 206053188 | BT37: TRUE | BU37: =IF(MOD(H37,4)=0,H37/4,ROUNDDOWN(H37/4,0)) -> 206053187 | CJ37: TRUE | CK37: =IF(MOD(H37,4)=0,H37/4,ROUNDUP(H37/4,0)) -> 206053188
A38: =SUBTOTAL(3,$B$2:B38) -> 37 | B38: SMK | C38: Balikpapan | D38: 30401517 | E38: SMKS AIRLANGGA BALIKPAPAN | F38: JL. S. PARMAN (GN. GUNTUR) NO. 14 | G38: 597 | H38: 1168776750 | L38: 000.4.3.2/ | M38: 17100 | N38: /Disdikbud-Ib | O38: TRUE | P38: TRUE | Q38: TRUE | R38: TRUE | S38: TRUE | T38: TRUE | U38: TRUE | V38: TRUE | W38: TRUE | X38: TRUE | Y38: BANKALTIMTARA | Z38: 0031476372 | AA38: SMK AIRLANGGA BALIKPAPAN | AE38: TRUE | AF38: 45870 | AH38: TRUE | AI38: 45938 | AJ38: OKE | AK38: TRUE | AL38: 45978 | AM38: OKE | AX38: TRUE | AY38: =IF(MOD(H38,4)=0,H38/4,ROUNDUP(H38/4,0)) -> 292194188 | BT38: TRUE | BU38: =IF(MOD(H38,4)=0,H38/4,ROUNDDOWN(H38/4,0)) -> 292194187 | CJ38: TRUE | CK38: =IF(MOD(H38,4)=0,H38/4,ROUNDUP(H38/4,0)) -> 292194188
A39: =SUBTOTAL(3,$B$2:B39) -> 38 | B39: SMK | C39: Balikpapan | D39: 30401515 | E39: SMKS DUTA BANGSA BALIKPAPAN | F39: MULAWARMAN | G39: 203 | H39: 397423250 | L39: 000.4.3.2/ | M39: 17101 | N39: /Disdikbud-Ib | O39: TRUE | P39: TRUE | Q39: TRUE | R39: TRUE | S39: TRUE | T39: TRUE | U39: TRUE | V39: TRUE | W39: TRUE | X39: TRUE | Y39: BANKALTIMTARA | Z39: 1781500158 | AA39: 30401515 SMKS DUTA BANGSA BPP | AE39: TRUE | AF39: 45919 | AG39: Tanggal Surat Pernyataan | AH39: TRUE | AI39: 45953 | AJ39: OKE | AK39: TRUE | AL39: 45996 | AM39: OKE | BB39: TRUE | BC39: =IF(MOD(H39,4)=0,H39/4,ROUNDUP(H39/4,0)) -> 99355813 | BV39: TRUE | BW39: =IF(MOD(H39,4)=0,H39/4,ROUNDDOWN(H39/4,0)) -> 99355812 | CP39: TRUE | CQ39: =IF(MOD(H39,4)=0,H39/4,ROUNDUP(H39/4,0)) -> 99355813
A40: =SUBTOTAL(3,$B$2:B40) -> 39 | B40: SMK | C40: Balikpapan | D40: 30401513 | E40: SMKS IBNU KHALDUN BALIKPAPAN | F40: JLN. SEMOI NO.23 | G40: 577 | H40: 1129621750 | L40: 000.4.3.2/ | M40: 17102 | N40: /Disdikbud-Ib | O40: TRUE | P40: TRUE | Q40: TRUE | R40: TRUE | S40: TRUE | T40: TRUE | U40: TRUE | V40: TRUE | W40: TRUE | X40: TRUE | Y40: BANKALTIMTARA | Z40: 0031476127 | AA40: SMK IBNU KHALDUN BALIKPAPAN | AE40: TRUE | AF40: 45876 | AH40: TRUE | AI40: 45938 | AJ40: OKE | AK40: TRUE | AL40: 45978 | AM40: OKE | AX40: TRUE | AY40: =IF(MOD(H40,4)=0,H40/4,ROUNDUP(H40/4,0)) -> 282405438 | BT40: TRUE | BU40: =IF(MOD(H40,4)=0,H40/4,ROUNDDOWN(H40/4,0)) -> 282405437 | CJ40: TRUE | CK40: =IF(MOD(H40,4)=0,H40/4,ROUNDUP(H40/4,0)) -> 282405438
A41: =SUBTOTAL(3,$B$2:B41) -> 40 | B41: SMK | C41: Balikpapan | D41: 30402921 | E41: SMKS IT AL AQSHA BALIKPAPAN | F41: JL. MARSMA R. ISWAHYUDI NO. 10 A | G41: 58 | H41: 113549500 | L41: 000.4.3.2/ | M41: 17103 | N41: /Disdikbud-Ib | O41: TRUE | P41: TRUE | Q41: TRUE | R41: TRUE | S41: TRUE | T41: TRUE | U41: TRUE | V41: TRUE | W41: TRUE | X41: TRUE | Y41: BANKALTIMTARA | Z41: 0031476348 | AA41: SMK IT AL AQSHA | AE41: TRUE | AF41: 45870 | AH41: TRUE | AI41: 45938 | AJ41: OKE | AK41: TRUE | AL41: 45978 | AM41: OKE | AX41: TRUE | AY41: =IF(MOD(H41,4)=0,H41/4,ROUNDUP(H41/4,0)) -> 28387375 | BT41: TRUE | BU41: =IF(MOD(H41,4)=0,H41/4,ROUNDDOWN(H41/4,0)) -> 28387375 | CJ41: TRUE | CK41: =IF(MOD(H41,4)=0,H41/4,ROUNDUP(H41/4,0)) -> 28387375
A42: =SUBTOTAL(3,$B$2:B42) -> 41 | B42: SMK | C42: Balikpapan | D42: 30401512 | E42: SMKS KARTIKA V 1 BALIKPAPAN | F42: JL. TANJUNG PURA III | G42: 1596 | H42: 3124569000 | L42: 000.4.3.2/ | M42: 17104 | N42: /Disdikbud-Ib | O42: TRUE | P42: TRUE | Q42: TRUE | R42: TRUE | S42: TRUE | T42: TRUE | U42: TRUE | V42: TRUE | W42: TRUE | X42: TRUE | Y42: BANKALTIMTARA | Z42: 0031476101 | AA42: SMK KARTIKA V-I BALIKPAPAN | AE42: TRUE | AF42: 45870 | AH42: TRUE | AI42: 45938 | AJ42: OKE | AK42: TRUE | AL42: 45978 | AM42: OKE | AX42: TRUE | AY42: =IF(MOD(H42,4)=0,H42/4,ROUNDUP(H42/4,0)) -> 781142250 | BT42: TRUE | BU42: =IF(MOD(H42,4)=0,H42/4,ROUNDDOWN(H42/4,0)) -> 781142250 | CJ42: TRUE | CK42: =IF(MOD(H42,4)=0,H42/4,ROUNDUP(H42/4,0)) -> 781142250
A43: =SUBTOTAL(3,$B$2:B43) -> 42 | B43: SMK | C43: Balikpapan | D43: 69786293 | E43: SMKS KESEHATAN AIRLANGGA | F43: Jl. S Parman No. 14 Gunung Guntur | G43: 419 | H43: 820297250 | L43: 000.4.3.2/ | M43: 17105 | N43: /Disdikbud-Ib | O43: TRUE | P43: TRUE | Q43: TRUE | R43: TRUE | S43: TRUE | T43: TRUE | U43: TRUE | V43: TRUE | W43: TRUE | X43: TRUE | Y43: BANKALTIMTARA | Z43: 0031476381 | AA43: SMK KESEHATAN AIRLANGGA BPP | AE43: TRUE | AF43: 45870 | AH43: TRUE | AI43: 45938 | AJ43: OKE | AK43: TRUE | AL43: 45978 | AM43: OKE | AX43: TRUE | AY43: =IF(MOD(H43,4)=0,H43/4,ROUNDUP(H43/4,0)) -> 205074313 | BT43: TRUE | BU43: =IF(MOD(H43,4)=0,H43/4,ROUNDDOWN(H43/4,0)) -> 205074312 | CJ43: TRUE | CK43: =IF(MOD(H43,4)=0,H43/4,ROUNDUP(H43/4,0)) -> 205074313
A44: =SUBTOTAL(3,$B$2:B44) -> 43 | B44: SMK | C44: Balikpapan | D44: 30401511 | E44: SMKS MUHAMMADIYAH 1 BALIKPAPAN | F44: JL. LETJEND S. PARMAN NO. 19 RT. 24 | G44: 124 | H44: 242761000 | L44: 000.4.3.2/ | M44: 17106 | N44: /Disdikbud-Ib | O44: TRUE | P44: TRUE | Q44: TRUE | R44: TRUE | S44: TRUE | T44: TRUE | U44: TRUE | V44: TRUE | W44: TRUE | X44: TRUE | Y44: BANKALTIMTARA | Z44: 0031475953 | AA44: SMK MUHAMMADIYAH I BALIKPAPAN | AE44: TRUE | AF44: 45870 | AH44: TRUE | AI44: 45938 | AJ44: OKE | AK44: TRUE | AL44: 45978 | AM44: OKE | AX44: TRUE | AY44: =IF(MOD(H44,4)=0,H44/4,ROUNDUP(H44/4,0)) -> 60690250 | BT44: TRUE | BU44: =IF(MOD(H44,4)=0,H44/4,ROUNDDOWN(H44/4,0)) -> 60690250 | CJ44: TRUE | CK44: =IF(MOD(H44,4)=0,H44/4,ROUNDUP(H44/4,0)) -> 60690250
A45: =SUBTOTAL(3,$B$2:B45) -> 44 | B45: SMK | C45: Balikpapan | D45: 30402922 | E45: SMKS MULAWARMAN BALIKPAPAN | F45: JL. HENDRIAWAN SIE MARTADINATA | G45: 34 | H45: 66563500 | L45: 000.4.3.2/ | M45: 17107 | N45: /Disdikbud-Ib | O45: TRUE | P45: TRUE | Q45: TRUE | R45: TRUE | S45: TRUE | T45: TRUE | U45: TRUE | V45: TRUE | W45: TRUE | X45: TRUE | Y45: BANKALTIMTARA | Z45: 0031475996 | AA45: SMK MULAWARMAN BPPN | AE45: TRUE | AF45: 45870 | AH45: TRUE | AI45: 45938 | AJ45: OKE | AK45: TRUE | AL45: 45978 | AM45: OKE | AX45: TRUE | AY45: =IF(MOD(H45,4)=0,H45/4,ROUNDUP(H45/4,0)) -> 16640875 | BT45: TRUE | BU45: =IF(MOD(H45,4)=0,H45/4,ROUNDDOWN(H45/4,0)) -> 16640875 | CJ45: TRUE | CK45: =IF(MOD(H45,4)=0,H45/4,ROUNDUP(H45/4,0)) -> 16640875
A46: =SUBTOTAL(3,$B$2:B46) -> 45 | B46: SMK | C46: Balikpapan | D46: 30406263 | E46: SMKS NAHDLATUL ULAMA BALIKPAPAN | F46: Jl. Letjend S. Parman No. 47 RT. 22 | G46: 111 | H46: 217310250 | L46: 000.4.3.2/ | M46: 17108 | N46: /Disdikbud-Ib | O46: TRUE | P46: TRUE | Q46: TRUE | R46: TRUE | S46: TRUE | T46: TRUE | U46: TRUE | V46: TRUE | W46: TRUE | X46: TRUE | Y46: BANKALTIMTARA | Z46: 0031476046 | AA46: SMK NAHDLATUL ULAMA | AE46: TRUE | AF46: 45870 | AH46: TRUE | AI46: 45938 | AJ46: OKE | AK46: TRUE | AL46: 45978 | AM46: OKE | AX46: TRUE | AY46: =IF(MOD(H46,4)=0,H46/4,ROUNDUP(H46/4,0)) -> 54327563 | BT46: TRUE | BU46: =IF(MOD(H46,4)=0,H46/4,ROUNDDOWN(H46/4,0)) -> 54327562 | CJ46: TRUE | CK46: =IF(MOD(H46,4)=0,H46/4,ROUNDUP(H46/4,0)) -> 54327563
A47: =SUBTOTAL(3,$B$2:B47) -> 46 | B47: SMK | C47: Balikpapan | D47: 30401505 | E47: SMKS NUSANTARA BALIKPAPAN | F47: JL. GURINDA 4 NO. 34 | G47: 879 | H47: 1720862250 | L47: 000.4.3.2/ | M47: 17109 | N47: /Disdikbud-Ib | O47: TRUE | P47: TRUE | Q47: TRUE | R47: TRUE | S47: TRUE | T47: TRUE | U47: TRUE | V47: TRUE | W47: TRUE | X47: FALSE | Y47: BANKALTIMTARA | Z47: 0031475937 | AA47: SMK NUSANTARA | AE47: TRUE | AF47: 45870 | AH47: TRUE | AI47: 45938 | AJ47: OKE | AK47: TRUE | AL47: 45980 | AM47: OKE | AX47: TRUE | AY47: =IF(MOD(H47,4)=0,H47/4,ROUNDUP(H47/4,0)) -> 430215563 | BT47: TRUE | BU47: =IF(MOD(H47,4)=0,H47/4,ROUNDDOWN(H47/4,0)) -> 430215562 | CJ47: TRUE | CK47: =IF(MOD(H47,4)=0,H47/4,ROUNDUP(H47/4,0)) -> 430215563
A48: =SUBTOTAL(3,$B$2:B48) -> 47 | B48: SMK | C48: Balikpapan | D48: 30401486 | E48: SMKS PANCA DHARMA BALIKPAPAN | F48: JL. JEND. SUDIRMAN NO. 04 | G48: 508 | H48: 994537000 | L48: 000.4.3.2/ | M48: 17110 | N48: /Disdikbud-Ib | O48: TRUE | P48: TRUE | Q48: TRUE | R48: TRUE | S48: TRUE | T48: TRUE | U48: TRUE | V48: TRUE | W48: TRUE | X48: TRUE | Y48: BANKALTIMTARA | Z48: 0031475945 | AA48: SMK PANCA DHARMA BALIKPAPAN | AE48: TRUE | AF48: 45876 | AH48: TRUE | AI48: 45938 | AJ48: OKE | AK48: TRUE | AL48: 45978 | AM48: OKE | AX48: TRUE | AY48: =IF(MOD(H48,4)=0,H48/4,ROUNDUP(H48/4,0)) -> 248634250 | BT48: TRUE | BU48: =IF(MOD(H48,4)=0,H48/4,ROUNDDOWN(H48/4,0)) -> 248634250 | CJ48: TRUE | CK48: =IF(MOD(H48,4)=0,H48/4,ROUNDUP(H48/4,0)) -> 248634250
A49: =SUBTOTAL(3,$B$2:B49) -> 48 | B49: SMK | C49: Balikpapan | D49: 30401485 | E49: SMKS PANGERAN ANTASARI BALIKPAPAN | F49: Jl. Mayjend Sutoyo RT. 38 No. 01 | G49: 1000 | H49: 1957750000 | L49: 000.4.3.2/ | M49: 17111 | N49: /Disdikbud-Ib | O49: TRUE | P49: TRUE | Q49: TRUE | R49: TRUE | S49: TRUE | T49: TRUE | U49: TRUE | V49: TRUE | W49: TRUE | X49: TRUE | Y49: BANKALTIMTARA | Z49: 0031476305 | AA49: SMK PANGERAN ANTASARI | AE49: TRUE | AF49: 45870 | AH49: TRUE | AI49: 45938 | AJ49: OKE | AK49: TRUE | AL49: 45978 | AM49: OKE | AX49: TRUE | AY49: =IF(MOD(H49,4)=0,H49/4,ROUNDUP(H49/4,0)) -> 489437500 | BT49: TRUE | BU49: =IF(MOD(H49,4)=0,H49/4,ROUNDDOWN(H49/4,0)) -> 489437500 | CJ49: TRUE | CK49: =IF(MOD(H49,4)=0,H49/4,ROUNDUP(H49/4,0)) -> 489437500
A50: =SUBTOTAL(3,$B$2:B50) -> 49 | B50: SMK | C50: Balikpapan | D50: 30401464 | E50: SMKS PERTIWI BALIKPAPAN | F50: JL. JEND. SUDIRMAN RT.35 No.72 Kel.Damai-Balikpapa | G50: 280 | H50: 548170000 | L50: 000.4.3.2/ | M50: 17112 | N50: /Disdikbud-Ib | O50: TRUE | P50: TRUE | Q50: TRUE | R50: TRUE | S50: TRUE | T50: TRUE | U50: TRUE | V50: TRUE | W50: TRUE | X50: TRUE | Y50: BANKALTIMTARA | Z50: 0031476089 | AA50: SMK PERTIWI | AE50: TRUE | AF50: 45870 | AH50: TRUE | AI50: 45938 | AJ50: OKE | AK50: TRUE | AL50: 45978 | AM50: OKE | AX50: TRUE | AY50: =IF(MOD(H50,4)=0,H50/4,ROUNDUP(H50/4,0)) -> 137042500 | BT50: TRUE | BU50: =IF(MOD(H50,4)=0,H50/4,ROUNDDOWN(H50/4,0)) -> 137042500 | CJ50: TRUE | CK50: =IF(MOD(H50,4)=0,H50/4,ROUNDUP(H50/4,0)) -> 137042500
A51: =SUBTOTAL(3,$B$2:B51) -> 50 | B51: SMK | C51: Balikpapan | D51: 30401463 | E51: SMKS SABILAL MUHTADIN BALIKPAPAN | F51: JL. PANGERAN ANTASARI 51 | G51: 45 | H51: 88098750 | L51: 000.4.3.2/ | M51: 17113 | N51: /Disdikbud-Ib | O51: TRUE | P51: TRUE | Q51: TRUE | R51: TRUE | S51: TRUE | T51: TRUE | U51: TRUE | V51: TRUE | W51: TRUE | X51: FALSE | Y51: BANKALTIMTARA | Z51: 0031475988 | AA51: SMK SABILAL MUHTADIN | AE51: TRUE | AF51: 45870 | AH51: TRUE | AI51: 45938 | AJ51: OKE | AK51: TRUE | AL51: 45978 | AM51: OKE | AX51: TRUE | AY51: =IF(MOD(H51,4)=0,H51/4,ROUNDUP(H51/4,0)) -> 22024688 | BT51: TRUE | BU51: =IF(MOD(H51,4)=0,H51/4,ROUNDDOWN(H51/4,0)) -> 22024687 | CJ51: TRUE | CK51: =IF(MOD(H51,4)=0,H51/4,ROUNDUP(H51/4,0)) -> 22024688
... A54: =SUBTOTAL(3,$B$2:B54) -> 53 | B54: SMK | C54: Balikpapan | D54: 30402923 | E54: SMKS TRI MITRA TELAGA SARI | F54: JL. TELAGA SARI NO. 01 KOMPLEK PELAJAR GN PASIR | G54: 63 | H54: 123338250 | L54: 000.4.3.2/ | M54: 17116 | N54: /Disdikbud-Ib | O54: TRUE | P54: TRUE | Q54: TRUE | R54: TRUE | S54: TRUE | T54: TRUE | U54: TRUE | V54: TRUE | W54: TRUE | X54: FALSE | Y54: BANKALTIMTARA | Z54: 0031476135 | AA54: SMK TRI MITRA BALIKPAPAN | AE54: TRUE | AF54: 45870 | AH54: TRUE | AI54: 45938 | AJ54: OKE | AK54: TRUE | AL54: 45978 | AM54: OKE | AX54: TRUE | AY54: =IF(MOD(H54,4)=0,H54/4,ROUNDUP(H54/4,0)) -> 30834563 | BT54: TRUE | BU54: =IF(MOD(H54,4)=0,H54/4,ROUNDDOWN(H54/4,0)) -> 30834562 | CJ54: TRUE | CK54: =IF(MOD(H54,4)=0,H54/4,ROUNDUP(H54/4,0)) -> 30834563
A55: =SUBTOTAL(3,$B$2:B55) -> 54 | B55: MA | C55: Berau | D55: 131264030008 | E55: MA AL-RIDHO BERAU | F55: Jl. Pramuka RT. 001 Gunung Mas Kel. Teluk Bayur Kec. Teluk bayur Kab. Berau Prov. Kalimantan Timur | G55: 1 | H55: 1688000 | L55: 000.4.3.2/ | M55: 17117 | N55: /Disdikbud-Ib | O55: TRUE | P55: FALSE | Q55: TRUE | R55: TRUE | S55: TRUE | T55: TRUE | U55: TRUE | V55: TRUE | W55: TRUE | X55: TRUE | Y55: BANKALTIMTARA | Z55: 1552202984 | AA55: MA AL RIDHO BERAU | AE55: TRUE | AF55: 45950 | AG55: SPTJB tidak ada saldo awal, perbaikan sptjb dan Lap Realisasi, Laporan Kegiatan, Surat Pernyataan | AH55: TRUE | AI55: 45993 | AJ55: Perbaikan Laporan Kegiatan | AK55: TRUE | AL55: 45978 | AM55: Perbaikan Laporan Kegiatan | BH55: TRUE | BI55: =IF(MOD(H55,4)=0,H55/4,ROUNDUP(H55/4,0)) -> 422000 | CB55: TRUE | CC55: =IF(MOD(H55,4)=0,H55/4,ROUNDDOWN(H55/4,0)) -> 422000 | CR55: TRUE | CS55: =IF(MOD(H55,4)=0,H55/4,ROUNDUP(H55/4,0)) -> 422000
A56: =SUBTOTAL(3,$B$2:B56) -> 55 | B56: MA | C56: Berau | D56: 131164030001 | E56: MAN BERAU | F56: Jl. Pangeran Diponegoro II Kel. Gunung Panjang Kec. Tanjung Redeb Kab. Berau Kalimantan Timur | G56: 545 | H56: 919960000 | L56: 000.4.3.2/ | M56: 17118 | N56: /Disdikbud-Ib | O56: TRUE | P56: TRUE | Q56: TRUE | R56: TRUE | S56: TRUE | T56: TRUE | U56: TRUE | V56: TRUE | W56: TRUE | X56: FALSE | Y56: BANKALTIMTARA | Z56: 0061499750 | AA56: 30315149 BOSDA MAN BERAU | AE56: TRUE | AF56: 45915 | AG56: Perbaikan Lap realisasi dan SPTJB | AH56: TRUE | AI56: 45936 | AJ56: Perbaikan tanggal surat pernyataan, rekening koran, perbaikan sptjb dan lap realisasiu | AK56: TRUE | AL56: 45992 | AO56: 45804 | BB56: TRUE | BC56: =IF(MOD(H56,4)=0,H56/4,ROUNDUP(H56/4,0)) -> 229990000 | BT56: TRUE | BU56: =IF(MOD(H56,4)=0,H56/4,ROUNDDOWN(H56/4,0)) -> 229990000 | CN56: TRUE | CO56: =IF(MOD(H56,4)=0,H56/4,ROUNDUP(H56/4,0)) -> 229990000
A57: =SUBTOTAL(3,$B$2:B57) -> 56 | B57: MA | C57: Berau | D57: 131264030002 | E57: MAS AL-KHOLIL NU BERAU | F57: Jl. Sei Limunjan RT. 021 Sambaliung Kab. Berau | G57: 54 | H57: 91152000 | L57: 000.4.3.2/ | M57: 17119 | N57: /Disdikbud-Ib | O57: TRUE | P57: FALSE | Q57: TRUE | R57: TRUE | S57: TRUE | T57: TRUE | U57: TRUE | V57: TRUE | W57: TRUE | X57: TRUE | Y57: MANDIRI | Z57: 1490013984515 | AA57: MAS ALKHOLIL NU BERAU | AE57: TRUE | AF57: 45904 | AG57: SPTJB dan Lap realisasi, Tanggal Surat Pernyataan | AH57: TRUE | AI57: 45959 | AJ57: Rekening koran tidak jelas, tanggal surat pernyataan, tanggal laporan ganti 31 oktober | AK57: TRUE | AL57: 45982 | BB57: TRUE | BC57: =IF(MOD(H57,4)=0,H57/4,ROUNDUP(H57/4,0)) -> 22788000 | BV57: TRUE | BW57: =IF(MOD(H57,4)=0,H57/4,ROUNDDOWN(H57/4,0)) -> 22788000 | CJ57: TRUE | CK57: =IF(MOD(H57,4)=0,H57/4,ROUNDUP(H57/4,0)) -> 22788000
A58: =SUBTOTAL(3,$B$2:B58) -> 57 | B58: MA | C58: Berau | D58: 131264030003 | E58: MAS ISTIQOMAH NWDI BERAU | F58: Jl. Nuri RT.09 Labanan Jaya, Kec. Teluk Bayur Kabupaten Berau Prov. Kalimantan Timur | G58: 23 | H58: 38824000 | L58: 000.4.3.2/ | M58: 17120 | N58: /Disdikbud-Ib | O58: TRUE | P58: TRUE | Q58: TRUE | R58: TRUE | S58: TRUE | T58: TRUE | U58: TRUE | V58: TRUE | W58: TRUE | X58: TRUE | Y58: BANKALTIMTARA | Z58: 0062491485 | AA58: MA ISTIQOMAH NWDI BERAU | AE58: TRUE | AF58: 45917 | AG58: Laporan Kegiatan, Perbaikan SPJ, Laporan realisasi | AH58: TRUE | AI58: 45979 | AJ58: Laporan kegiatan dll | AK58: TRUE | AL58: 46013 | AM58: Belum ada laporan kegiatan dan surat pernyataan kesanggupan | BD58: TRUE | BE58: =IF(MOD(H58,4)=0,H58/4,ROUNDUP(H58/4,0)) -> 9706000 | BX58: TRUE | BY58: =IF(MOD(H58,4)=0,H58/4,ROUNDDOWN(H58/4,0)) -> 9706000 | CT58: TRUE | CU58: =IF(MOD(H58,4)=0,H58/4,ROUNDUP(H58/4,0)) -> 9706000
A59: =SUBTOTAL(3,$B$2:B59) -> 58 | B59: MA | C59: Berau | D59: 131264030001 | E59: MAS NURUL MUHAJIRIN | F59: Jl. Gajah Mada RT. 001 Labanan Makarti Kec. Teluk Bayur Kab. Berau Kalimantan Timur | G59: 46 | H59: 77648000 | L59: 000.4.3.2/ | M59: 17121 | N59: /Disdikbud-Ib | O59: TRUE | P59: FALSE | Q59: TRUE | R59: FALSE | S59: FALSE | T59: TRUE | U59: TRUE | V59: FALSE | W59: TRUE | X59: FALSE | Y59: BANKALTIMTARA | Z59: 0062385766 | AA59: MA NURUL MUHAJIRIN | AE59: TRUE | AF59: 45915 | AG59: Surat Pernyataan salah tanggal | AH59: TRUE | AI59: 45944 | AJ59: Perbaikan tanggal surat pernyataan, Perbaikan nilai SPTJB dan Lap Realisasi | AK59: TRUE | AL59: 45982 | AM59: Perbaikan tanggal | BB59: TRUE | BC59: =IF(MOD(H59,4)=0,H59/4,ROUNDUP(H59/4,0)) -> 19412000 | BV59: TRUE | BW59: =IF(MOD(H59,4)=0,H59/4,ROUNDDOWN(H59/4,0)) -> 19412000 | CJ59: TRUE | CK59: =IF(MOD(H59,4)=0,H59/4,ROUNDUP(H59/4,0)) -> 19412000
A60: =SUBTOTAL(3,$B$2:B60) -> 59 | B60: SMA | C60: Berau | D60: 70043825 | E60: SMA Ibnu Katsir Tanjung Redeb | F60: Jl. Sei. Seramut, RT.22 | G60: 14 | H60: 23002000 | L60: 000.4.3.2/ | M60: 17122 | N60: /Disdikbud-Ib | O60: TRUE | P60: TRUE | Q60: TRUE | R60: FALSE | S60: FALSE | T60: TRUE | U60: TRUE | V60: TRUE | W60: TRUE | X60: TRUE | Y60: BANKALTIMTARA | Z60: 0061501223 | AA60: SMA IBNU KATSIR TANJUNG REDEB | AE60: TRUE | AF60: 45873 | AG60: Kurang Laporan Kegiatan | AH60: TRUE | AI60: 45961 | AJ60: Perbaikan tanggal surat pernyataan, perbaikan lap keu realisasi | AK60: TRUE | AL60: 45985 | AM60: Perbaikan tanggal surat kesanggupan, SPTJ dan Lap Realisasi | AX60: TRUE | AY60: =IF(MOD(H60,4)=0,H60/4,ROUNDUP(H60/4,0)) -> 5750500 | BV60: TRUE | BW60: =IF(MOD(H60,4)=0,H60/4,ROUNDDOWN(H60/4,0)) -> 5750500 | CJ60: TRUE | CK60: =IF(MOD(H60,4)=0,H60/4,ROUNDUP(H60/4,0)) -> 5750500
A61: =SUBTOTAL(3,$B$2:B61) -> 60 | B61: SMA | C61: Berau | D61: 69930839 | E61: SMA INTEGRAL HIDAYATULLAH | F61: SMA INTEGRAL HIDAYATULLAH | G61: 74 | H61: 121582000 | L61: 000.4.3.2/ | M61: 17123 | N61: /Disdikbud-Ib | O61: TRUE | P61: TRUE | Q61: TRUE | R61: TRUE | S61: TRUE | T61: TRUE | U61: TRUE | V61: TRUE | W61: TRUE | X61: TRUE | Y61: BANKALTIMTARA | Z61: 0061500065 | AA61: 69930839 SMA INTEGRAL HIDAYATU | AE61: TRUE | AF61: 45936 | AG61: perbaikan tanggal surat pernyataan, | AH61: TRUE | AI61: 45985 | AJ61: Perbaikan Tanggal Surat Kesanggupan | AK61: TRUE | AL61: 46020 | AM61: Perbaikan tanggal surat kesanggupan, SPTJ dan Lap Realisasi | BF61: TRUE | BG61: =IF(MOD(H61,4)=0,H61/4,ROUNDUP(H61/4,0)) -> 30395500 | BX61: TRUE | BY61: =IF(MOD(H61,4)=0,H61/4,ROUNDDOWN(H61/4,0)) -> 30395500 | CT61: TRUE | CU61: =IF(MOD(H61,4)=0,H61/4,ROUNDUP(H61/4,0)) -> 30395500
A62: =SUBTOTAL(3,$B$2:B62) -> 61 | B62: SMA | C62: Berau | D62: 69902911 | E62: SMA IT ASH SHOHWAH | F62: Jl. Al Bina | G62: 96 | H62: 157728000 | L62: 000.4.3.2/ | M62: 17124 | N62: /Disdikbud-Ib | O62: TRUE | P62: TRUE | Q62: TRUE | R62: TRUE | S62: FALSE | T62: TRUE | U62: TRUE | V62: TRUE | W62: TRUE | X62: TRUE | Y62: BNI | Z62: 0477448982 | AA62: SMAIT ASH SHOHWAH | AE62: TRUE | AF62: 45936 | AG62: berkas tidak asli, perbaikan tanggal surat pernyataan | AH62: TRUE | AI62: 45982 | AK62: TRUE | AL62: 46002 | AM62: OKE | BF62: TRUE | BG62: =IF(MOD(H62,4)=0,H62/4,ROUNDUP(H62/4,0)) -> 39432000 | BX62: TRUE | BY62: =IF(MOD(H62,4)=0,H62/4,ROUNDDOWN(H62/4,0)) -> 39432000 | CR62: TRUE | CS62: =IF(MOD(H62,4)=0,H62/4,ROUNDUP(H62/4,0)) -> 39432000
A63: =SUBTOTAL(3,$B$2:B63) -> 62 | B63: SMA | C63: Berau | D63: 30404227 | E63: SMAS MUHAMADIYAH TANJUNG REDEB | F63: JL. JENDERAL SUDIRMAN | G63: 322 | H63: 529046000 | L63: 000.4.3.2/ | M63: 17125 | N63: /Disdikbud-Ib | O63: TRUE | P63: TRUE | Q63: TRUE | R63: FALSE | S63: TRUE | T63: TRUE | U63: TRUE | V63: TRUE | W63: TRUE | X63: TRUE | Y63: BRI | Z63: 021301001752306 | AA63: SMA MUHAMMADIYAH TANJUNG REDEB | AE63: TRUE | AF63: 45996 | AG63: Perbaikan tanggal | AH63: TRUE | AI63: 46020 | AJ63: Proses kirim | AK63: FALSE | BN63: TRUE | BO63: =IF(MOD(H63,4)=0,H63/4,ROUNDUP(H63/4,0)) -> 132261500 | CH63: TRUE | CI63: =IF(MOD(H63,4)=0,H63/4,ROUNDDOWN(H63/4,0)) -> 132261500
A64: =SUBTOTAL(3,$B$2:B64) -> 63 | B64: SMA | C64: Berau | D64: 30404355 | E64: SMAS PGRI 13 TANJUNG REDEB | F64: DR. MURDJANI 2 | G64: 410 | H64: 673630000 | L64: 000.4.3.2/ | M64: 17126 | N64: /Disdikbud-Ib | O64: TRUE | P64: TRUE | Q64: TRUE | R64: TRUE | S64: TRUE | T64: TRUE | U64: FALSE | V64: TRUE | W64: TRUE | X64: TRUE | Y64: BANKALTIMTARA | Z64: 0061550488 | AA64: 30404355 SMAS PGRI 13 TG REDEB | AE64: TRUE | AF64: 45880 | AG64: Rekapitulasi Realisasi tidak perlu diisi tahap 2, 3, dan 4 | AH64: TRUE | AI64: 45945 | AJ64: Surat pernyataan SPTJB dan Lap realisasi tidak asli | AK64: TRUE | AL64: 46015 | AM64: Perbaikan tanggal SPTJ dan Laporan realisasi | AX64: TRUE | AY64: =IF(MOD(H64,4)=0,H64/4,ROUNDUP(H64/4,0)) -> 168407500 | BV64: TRUE | BW64: =IF(MOD(H64,4)=0,H64/4,ROUNDDOWN(H64/4,0)) -> 168407500 | CT64: TRUE | CU64: =IF(MOD(H64,4)=0,H64/4,ROUNDUP(H64/4,0)) -> 168407500
A65: =SUBTOTAL(3,$B$2:B65) -> 64 | B65: SMK | C65: Berau | D65: 69775247 | E65: SMKS AL FALAH QUEEN | F65: JL. H. Isa II Gg Wira RT. 07 | G65: 40 | H65: 78610000 | L65: 000.4.3.2/ | M65: 17127 | N65: /Disdikbud-Ib | O65: TRUE | P65: TRUE | Q65: TRUE | R65: TRUE | S65: TRUE | T65: TRUE | U65: TRUE | V65: TRUE | W65: TRUE | X65: TRUE | Y65: BANKALTIMTARA | Z65: 0061544925 | AA65: 69775247 SMKS AL FALAH QUEEN | AE65: TRUE | AF65: 45904 | AG65: Belum stempel sekolah, Surat Pernyataan salah tanggal | AH65: TRUE | AI65: 45979 | AJ65: Perbaikan tanggal | AK65: TRUE | AL65: OKE | BB65: TRUE | BC65: =IF(MOD(H65,4)=0,H65/4,ROUNDUP(H65/4,0)) -> 19652500 | BX65: TRUE | BY65: =IF(MOD(H65,4)=0,H65/4,ROUNDDOWN(H65/4,0)) -> 19652500 | CR65: TRUE | CS65: =IF(MOD(H65,4)=0,H65/4,ROUNDUP(H65/4,0)) -> 19652500
A66: =SUBTOTAL(3,$B$2:B66) -> 65 | B66: SMK | C66: Berau | D66: 69786401 | E66: SMKS INSAN CEMERLANG | F66: Jl. Raja Alam I, Kilo 5 (Kampus STIPER) | G66: 14 | H66: 27513500 | L66: 000.4.3.2/ | M66: 17128 | N66: /Disdikbud-Ib | O66: TRUE | P66: FALSE | Q66: TRUE | R66: TRUE | S66: TRUE | T66: TRUE | U66: TRUE | V66: TRUE | W66: TRUE | X66: TRUE | Y66: BRI | Z66: 343601027110537 | AA66: SMK INSAN CEMERLANG KAB. BERAU | AE66: TRUE | AF66: 45880 | AH66: TRUE | AI66: 45915 | AJ66: Tgl Surat Pernyataan, SPTJB dan Lap Realisasi perbaikan, Belum ada Laporan Kegiatan | AK66: TRUE | AL66: 45979 | AM66: Tgl Surat Pernyataan, SPTJB dan Lap Realisasi perbaikan, Belum ada Laporan Kegiatan | AX66: TRUE | AY66: =IF(MOD(H66,4)=0,H66/4,ROUNDUP(H66/4,0)) -> 6878375 | BT66: TRUE | BU66: =IF(MOD(H66,4)=0,H66/4,ROUNDDOWN(H66/4,0)) -> 6878375 | CJ66: TRUE | CK66: =IF(MOD(H66,4)=0,H66/4,ROUNDUP(H66/4,0)) -> 6878375
A67: =SUBTOTAL(3,$B$2:B67) -> 66 | B67: SMK | C67: Berau | D67: 30404243 | E67: SMKS INTEGRAL HIDAYATULLAH BERAU | F67: JL PANGERAN HIDAYATULLAH TANJUNG REDEB BERAU | G67: 58 | H67: 113984500 | L67: 000.4.3.2/ | M67: 17129 | N67: /Disdikbud-Ib | O67: TRUE | P67: FALSE | Q67: TRUE | R67: FALSE | S67: FALSE | T67: TRUE | U67: TRUE | V67: TRUE | W67: TRUE | X67: FALSE | Y67: BRI | Z67: 021301000611303 | AA67: SMK INTEGRAL HIDAYATULLAH BERAU | AE67: TRUE | AF67: 45915 | AG67: Tanggal Surat Pernyataan | AH67: TRUE | AI67: 45985 | AK67: TRUE | AL67: 46013 | AM67: Perbaikan tanggal surat kesanggupan | BB67: TRUE | BC67: =IF(MOD(H67,4)=0,H67/4,ROUNDUP(H67/4,0)) -> 28496125 | BX67: TRUE | BY67: =IF(MOD(H67,4)=0,H67/4,ROUNDDOWN(H67/4,0)) -> 28496125 | CT67: TRUE | CU67: =IF(MOD(H67,4)=0,H67/4,ROUNDUP(H67/4,0)) -> 28496125
A68: =SUBTOTAL(3,$B$2:B68) -> 67 | B68: SMK | C68: Berau | D68: 30404525 | E68: SMKS MAARIF NU 01 BERAU | F68: JL. MAARIF | G68: 258 | H68: 507034500 | L68: 000.4.3.2/ | M68: 17130 | N68: /Disdikbud-Ib | O68: TRUE | P68: TRUE | Q68: TRUE | R68: TRUE | S68: TRUE | T68: TRUE | U68: TRUE | V68: TRUE | W68: TRUE | X68: TRUE | Y68: BANKALTIMTARA | Z68: 0061417001 | AA68: SMK MA'ARIF NU 01 BERAU | AE68: TRUE | AF68: 45902 | AG68: Kurang Laporan Kegiatan | AH68: TRUE | AI68: 45961 | AJ68: perbaikan tanggal surat pernyataan | AK68: TRUE | AL68: 45985 | AM68: Perbaikan tanggal surat kesanggupan | BB68: TRUE | BC68: =IF(MOD(H68,4)=0,H68/4,ROUNDUP(H68/4,0)) -> 126758625 | BV68: TRUE | BW68: =IF(MOD(H68,4)=0,H68/4,ROUNDDOWN(H68/4,0)) -> 126758625 | CJ68: TRUE | CK68: =IF(MOD(H68,4)=0,H68/4,ROUNDUP(H68/4,0)) -> 126758625
A69: =SUBTOTAL(3,$B$2:B69) -> 68 | B69: SMK | C69: Berau | D69: 30404230 | E69: SMKS MUHAMMADIYAH | F69: JL. RAJA ALAM KM.5 | G69: 539 | H69: 1059269750 | L69: 000.4.3.2/ | M69: 17131 | N69: /Disdikbud-Ib | O69: TRUE | P69: TRUE | Q69: TRUE | R69: TRUE | S69: TRUE | T69: TRUE | U69: TRUE | V69: TRUE | W69: TRUE | X69: TRUE | Y69: BANKALTIMTARA | Z69: 0061550771 | AA69: 30404230 BOSDA SMK MUH BERAU | AE69: TRUE | AF69: 45916 | AG69: OKE | AH69: TRUE | AI69: 45965 | AJ69: belum stempel sekolah, lap realisasi tidak asli, tanggal surat pernyataan | AK69: TRUE | AL69: 46002 | AM69: Perbaikan tanggal surat pernyataan kesanggupan | BB69: TRUE | BC69: =IF(MOD(H69,4)=0,H69/4,ROUNDUP(H69/4,0)) -> 264817438 | BX69: TRUE | BY69: =IF(MOD(H69,4)=0,H69/4,ROUNDDOWN(H69/4,0)) -> 264817437 | CR69: TRUE | CS69: =IF(MOD(H69,4)=0,H69/4,ROUNDUP(H69/4,0)) -> 264817438
A70: =SUBTOTAL(3,$B$2:B70) -> 69 | B70: SMK | C70: Berau | D70: 30404244 | E70: SMKS SEHAT PERSADA | F70: Gunung Panjang | G70: 114 | H70: 224038500 | L70: 000.4.3.2/ | M70: 17132 | N70: /Disdikbud-Ib | O70: TRUE | P70: TRUE | Q70: TRUE | R70: TRUE | S70: TRUE | T70: TRUE | U70: TRUE | V70: TRUE | W70: TRUE | X70: TRUE | Y70: BRI | Z70: 021301000612309 | AA70: SMK SEHAT PERSADA | AE70: TRUE | AF70: 45917 | AG70: tanggal kata pengantar, surat pernyataan, sptjb dan lap realisasi salah | AH70: TRUE | AI70: 45982 | AJ70: Perbaikan Tanggal | AK70: TRUE | AL70: 46002 | AM70: Perbaikan tanggal surat pengantar dan surat kesanggupan | BD70: TRUE | BE70: =IF(MOD(H70,4)=0,H70/4,ROUNDUP(H70/4,0)) -> 56009625 | BX70: TRUE | BY70: =IF(MOD(H70,4)=0,H70/4,ROUNDDOWN(H70/4,0)) -> 56009625 | CR70: TRUE | CS70: =IF(MOD(H70,4)=0,H70/4,ROUNDUP(H70/4,0)) -> 56009625
A71: =SUBTOTAL(3,$B$2:B71) -> 70 | B71: MA | C71: Bontang | D71: 131164740001 | E71: MAN BONTANG | F71: Jl. Kapten Piere Tendean RT. 009 No. 20,Kl.Bontang Kuala, kecamatan Bontang Utara Kota Bontang Kalimantan Timur | G71: 504 | H71: 859824000 | L71: 000.4.3.2/ | M71: 17133 | N71: /Disdikbud-Ib | O71: TRUE | P71: TRUE | Q71: TRUE | R71: TRUE | S71: TRUE | T71: TRUE | U71: FALSE | V71: TRUE | W71: TRUE | X71: FALSE | Y71: BANKALTIMTARA | Z71: 0082150239 | AA71: MADRASAH ALIYAH NEGERI BONTANG | AE71: TRUE | AF71: 45894 | AG71: Perbaikan SPTJ tgl 31 Juli 2025 | AH71: TRUE | AI71: 45943 | AJ71: perbaikan tanggal surat pernyataan, perbaikan saldo akhir SPTJB | AK71: TRUE | AL71: 46007 | AM71: OKE | AZ71: TRUE | BA71: =IF(MOD(H71,4)=0,H71/4,ROUNDUP(H71/4,0)) -> 214956000 | BV71: TRUE | BW71: =IF(MOD(H71,4)=0,H71/4,ROUNDDOWN(H71/4,0)) -> 214956000 | CR71: TRUE | CS71: =IF(MOD(H71,4)=0,H71/4,ROUNDUP(H71/4,0)) -> 214956000
A72: =SUBTOTAL(3,$B$2:B72) -> 71 | B72: MA | C72: Bontang | D72: 131264740001 | E72: MAS DDI BONTANG | F72: Jl. Carita No.100 RT. 012 Berbas Pantai, kecamatan Bontang Selatan Kota Bontang Kalimantan Timur | G72: 44 | H72: 75064000 | L72: 000.4.3.2/ | M72: 17134 | N72: /Disdikbud-Ib | O72: TRUE | P72: TRUE | Q72: TRUE | R72: TRUE | S72: TRUE | T72: TRUE | U72: FALSE | V72: TRUE | W72: TRUE | X72: TRUE | Y72: BANKALTIMTARA | Z72: 0082932119 | AA72: MA DDI BONTANG | AE72: TRUE | AF72: 46020 | AG72: Proses kirim | AH72: FALSE | AK72: FALSE | BR72: TRUE | BS72: =IF(MOD(H72,4)=0,H72/4,ROUNDUP(H72/4,0)) -> 18766000
A73: =SUBTOTAL(3,$B$2:B73) -> 72 | B73: SLB | C73: Bontang | D73: 70001505 | E73: SLB Bina Kasih Mandiri | F73: Jl. Soekarno Hatta | G73: 11 | H73: 23372250 | L73: 000.4.3.2/ | M73: 17135 | N73: /Disdikbud-Ib | O73: TRUE | P73: TRUE | Q73: TRUE | R73: TRUE | S73: TRUE | T73: TRUE | U73: TRUE | V73: TRUE | W73: TRUE | X73: TRUE | Y73: BANKALTIMTARA | Z73: 0082498745 | AA73: SLB BINA KASIH MANDIRI | AE73: TRUE | AF73: 45880 | AH73: TRUE | AI73: 45915 | AJ73: Perbaikan SPTJB dan Lap Realisasi,tgl kata pengantar dan Surat Pernyataan | AK73: TRUE | AL73: 45979 | AM73: Perbaikan tanggal surat pernyataan, | AX73: TRUE | AY73: =IF(MOD(H73,4)=0,H73/4,ROUNDUP(H73/4,0)) -> 5843063 | BT73: TRUE | BU73: =IF(MOD(H73,4)=0,H73/4,ROUNDDOWN(H73/4,0)) -> 5843062 | CJ73: TRUE | CK73: =IF(MOD(H73,4)=0,H73/4,ROUNDUP(H73/4,0)) -> 5843063
A74: =SUBTOTAL(3,$B$2:B74) -> 73 | B74: SLB | C74: Bontang | D74: 69822498 | E74: SLB BORNEO CENTER | F74: JL. Mulawarman NO 23 Tj Limau | G74: 11 | H74: 23372250 | L74: 000.4.3.2/ | M74: 17136 | N74: /Disdikbud-Ib | O74: TRUE | P74: TRUE | Q74: FALSE | R74: TRUE | S74: TRUE | T74: TRUE | U74: TRUE | V74: FALSE | W74: TRUE | X74: FALSE | Y74: BANKALTIMTARA | Z74: 0082338314 | AA74: SEKOLAH KHUSUS ABK AUTISME BC | AE74: TRUE | AF74: 45904 | AG74: Perbaikan tanggal | AH74: TRUE | AI74: 45982 | AJ74: OKE | AK74: TRUE | AL74: 46013 | AM74: OKE | BB74: TRUE | BC74: =IF(MOD(H74,4)=0,H74/4,ROUNDUP(H74/4,0)) -> 5843063 | BX74: TRUE | BY74: =IF(MOD(H74,4)=0,H74/4,ROUNDDOWN(H74/4,0)) -> 5843062 | CT74: TRUE | CU74: =IF(MOD(H74,4)=0,H74/4,ROUNDUP(H74/4,0)) -> 5843063
A75: =SUBTOTAL(3,$B$2:B75) -> 74 | B75: SLB | C75: Bontang | D75: 30401832 | E75: SLB PERMATA BUNDA | F75: Jl. Ahmad Yani | G75: 33 | H75: 70116750 | L75: 000.4.3.2/ | M75: 17137 | N75: /Disdikbud-Ib | O75: TRUE | P75: TRUE | Q75: TRUE | R75: FALSE | S75: FALSE | T75: TRUE | U75: TRUE | V75: TRUE | W75: TRUE | X75: TRUE | Y75: BANKALTIMTARA | Z75: 0082149955 | AA75: SLB PERMATA BUNDA BONTANG | AE75: TRUE | AF75: 45873 | AH75: TRUE | AI75: 45936 | AJ75: perbaikan tanggal surat pernyataan, perbaikan lap realisasi | AK75: TRUE | AL75: 45982 | AM75: OKE | AX75: TRUE | AY75: =IF(MOD(H75,4)=0,H75/4,ROUNDUP(H75/4,0)) -> 17529188 | BT75: TRUE | BU75: =IF(MOD(H75,4)=0,H75/4,ROUNDDOWN(H75/4,0)) -> 17529187 | CJ75: TRUE | CK75: =IF(MOD(H75,4)=0,H75/4,ROUNDUP(H75/4,0)) -> 17529188
A76: =SUBTOTAL(3,$B$2:B76) -> 75 | B76: SLB | C76: Bontang | D76: 69958787 | E76: SLB YAYASAN PENDIDIKAN AMALI BONTANG | F76: JL. KAPAL FERI NO. 24 RT 009 | G76: 28 | H76: 59493000 | L76: 000.4.3.2/ | M76: 17138 | N76: /Disdikbud-Ib | O76: TRUE | P76: TRUE | Q76: TRUE | R76: TRUE | S76: TRUE | T76: TRUE | U76: TRUE | V76: TRUE | W76: TRUE | X76: TRUE | Y76: BANKALTIMTARA | Z76: 0082512241 | AA76: SLB YPA BONTANG | AE76: TRUE | AF76: 45877 | AH76: TRUE | AI76: 45915 | AJ76: OKE | AK76: TRUE | AL76: 45987 | AM76: OKE | AX76: TRUE | AY76: =IF(MOD(H76,4)=0,H76/4,ROUNDUP(H76/4,0)) -> 14873250 | BT76: TRUE | BU76: =IF(MOD(H76,4)=0,H76/4,ROUNDDOWN(H76/4,0)) -> 14873250 | CL76: TRUE | CM76: =IF(MOD(H76,4)=0,H76/4,ROUNDUP(H76/4,0)) -> 14873250
A77: =SUBTOTAL(3,$B$2:B77) -> 76 | B77: SLB | C77: Bontang | D77: 30404465 | E77: SLB YPK | F77: Komp. Equator Hotel Pkt | G77: 33 | H77: 70116750 | L77: 000.4.3.2/ | M77: 17139 | N77: /Disdikbud-Ib | O77: TRUE | P77: TRUE | Q77: TRUE | R77: TRUE | S77: TRUE | T77: TRUE | U77: TRUE | V77: TRUE | W77: TRUE | X77: TRUE | Y77: BANKALTIMTARA | Z77: 0082149967 | AA77: SLB YPK BONTANG | AE77: TRUE | AF77: 45877 | AH77: TRUE | AI77: 45915 | AJ77: OKE | AK77: TRUE | AL77: 45987 | AM77: OKE | AX77: TRUE | AY77: =IF(MOD(H77,4)=0,H77/4,ROUNDUP(H77/4,0)) -> 17529188 | BT77: TRUE | BU77: =IF(MOD(H77,4)=0,H77/4,ROUNDDOWN(H77/4,0)) -> 17529187 | CL77: TRUE | CM77: =IF(MOD(H77,4)=0,H77/4,ROUNDUP(H77/4,0)) -> 17529188
A78: =SUBTOTAL(3,$B$2:B78) -> 77 | B78: SMA | C78: Bontang | D78: 30401830 | E78: SMAS BAHRUL ULUM | F78: JL. MT. HARYONO 03 | G78: 225 | H78: 380475000 | L78: 000.4.3.2/ | M78: 17140 | N78: /Disdikbud-Ib | O78: TRUE | P78: TRUE | Q78: TRUE | R78: TRUE | S78: TRUE | T78: TRUE | U78: TRUE | V78: TRUE | W78: TRUE | X78: FALSE | Y78: BNI | Z78: 0296183619 | AA78: SMAS BAHRUL ULUM | AE78: TRUE | AF78: 45880 | AG78: OKE | AH78: TRUE | AI78: 45931 | AJ78: OKE | AK78: TRUE | AL78: 45996 | AM78: OKE | AX78: TRUE | AY78: =IF(MOD(H78,4)=0,H78/4,ROUNDUP(H78/4,0)) -> 95118750 | BT78: TRUE | BU78: =IF(MOD(H78,4)=0,H78/4,ROUNDDOWN(H78/4,0)) -> 95118750 | CP78: TRUE | CQ78: =IF(MOD(H78,4)=0,H78/4,ROUNDUP(H78/4,0)) -> 95118750
A79: =SUBTOTAL(3,$B$2:B79) -> 78 | B79: SMA | C79: Bontang | D79: 30401829 | E79: SMAS HIDAYATULLAH | F79: JL. IMAM BONJOL RT. 4 NO.63 | G79: 185 | H79: 312835000 | L79: 000.4.3.2/ | M79: 17141 | N79: /Disdikbud-Ib | O79: TRUE | P79: TRUE | Q79: TRUE | R79: TRUE | S79: TRUE | T79: TRUE | U79: TRUE | V79: TRUE | W79: TRUE | X79: FALSE | Y79: BANKALTIMTARA | Z79: 0081534861 | AA79: 30401829 SMAS HIDAYATULLAH | AE79: TRUE | AF79: 45896 | AG79: Perbaikan Laporan Realisasi dan SPTJB Triwulan | AH79: TRUE | AI79: 45982 | AJ79: OKE | AK79: TRUE | AL79: 46008 | AM79: OKE | AZ79: TRUE | BA79: =IF(MOD(H79,4)=0,H79/4,ROUNDUP(H79/4,0)) -> 78208750 | BX79: TRUE | BY79: =IF(MOD(H79,4)=0,H79/4,ROUNDDOWN(H79/4,0)) -> 78208750 | CR79: TRUE | CS79: =IF(MOD(H79,4)=0,H79/4,ROUNDUP(H79/4,0)) -> 78208750
A80: =SUBTOTAL(3,$B$2:B80) -> 79 | B80: SMA | C80: Bontang | D80: 30401828 | E80: SMAS ISLAM TERPADU YABIS BONTANG | F80: JL. BRIGJEND KATAMSO NO.40 RT 45 | G80: 266 | H80: 449806000 | L80: 000.4.3.2/ | M80: 17142 | N80: /Disdikbud-Ib | O80: TRUE | P80: TRUE | Q80: TRUE | R80: TRUE | S80: TRUE | T80: TRUE | U80: TRUE | V80: TRUE | W80: TRUE | X80: FALSE | Y80: BANKALTIMTARA | Z80: 0082985191 | AA80: SMA YABIS BONTANG | AE80: TRUE | AF80: 45880 | AH80: TRUE | AI80: 45931 | AJ80: OKE | AK80: TRUE | AL80: 45982 | AM80: OKE | AX80: TRUE | AY80: =IF(MOD(H80,4)=0,H80/4,ROUNDUP(H80/4,0)) -> 112451500 | BT80: TRUE | BU80: =IF(MOD(H80,4)=0,H80/4,ROUNDDOWN(H80/4,0)) -> 112451500 | CJ80: TRUE | CK80: =IF(MOD(H80,4)=0,H80/4,ROUNDUP(H80/4,0)) -> 112451500
A81: =SUBTOTAL(3,$B$2:B81) -> 80 | B81: SMA | C81: Bontang | D81: 69766189 | E81: SMAS IT DAARUL HIKMAH | F81: JL. SELAT KARIMATA | G81: 335 | H81: 566485000 | L81: 000.4.3.2/ | M81: 17143 | N81: /Disdikbud-Ib | O81: TRUE | P81: TRUE | Q81: TRUE | R81: TRUE | S81: TRUE | T81: TRUE | U81: TRUE | V81: TRUE | W81: TRUE | X81: FALSE | Y81: BANKALTIMTARA | Z81: 0082409271 | AA81: SMA IT DAARUL HIKMAH | AE81: TRUE | AF81: 45880 | AG81: SPTJB dan lap realisasi tidak asli, Kurang Laporan Kegiatan, | AH81: TRUE | AI81: 45951 | AJ81: Surat Pernyataan, SPTJB dan lap Realisasi tidak asli | AK81: TRUE | AL81: 46002 | AM81: OKE | AX81: TRUE | AY81: =IF(MOD(H81,4)=0,H81/4,ROUNDUP(H81/4,0)) -> 141621250 | BV81: TRUE | BW81: =IF(MOD(H81,4)=0,H81/4,ROUNDDOWN(H81/4,0)) -> 141621250 | CR81: TRUE | CS81: =IF(MOD(H81,4)=0,H81/4,ROUNDUP(H81/4,0)) -> 141621250
A82: =SUBTOTAL(3,$B$2:B82) -> 81 | B82: SMA | C82: Bontang | D82: 30401780 | E82: SMAS TUNAS BANGSA | F82: JL. RUBY RT.46 | G82: 43 | H82: 72713000 | L82: 000.4.3.2/ | M82: 17144 | N82: /Disdikbud-Ib | O82: TRUE | P82: TRUE | Q82: TRUE | R82: TRUE | S82: TRUE | T82: TRUE | U82: TRUE | V82: TRUE | W82: TRUE | X82: TRUE | Y82: BANKALTIMTARA | Z82: 0082971181 | AA82: SMA TUNAS BANGSA | AE82: TRUE | AF82: 45880 | AH82: TRUE | AI82: 45944 | AK82: TRUE | AL82: 45996 | AX82: TRUE | AY82: =IF(MOD(H82,4)=0,H82/4,ROUNDUP(H82/4,0)) -> 18178250 | BV82: TRUE | BW82: =IF(MOD(H82,4)=0,H82/4,ROUNDDOWN(H82/4,0)) -> 18178250 | CP82: TRUE | CQ82: =IF(MOD(H82,4)=0,H82/4,ROUNDUP(H82/4,0)) -> 18178250
A83: =SUBTOTAL(3,$B$2:B83) -> 82 | B83: SMA | C83: Bontang | D83: 30401787 | E83: SMAS YAYASAN PENDIDIKAN VIDYA DAHANA PATRA | F83: JL. BADAK NO. 2 KOMPLEKS PT BADAK NGL | G83: 349 | H83: 590159000 | L83: 000.4.3.2/ | M83: 17145 | N83: /Disdikbud-Ib | O83: TRUE | P83: TRUE | Q83: TRUE | R83: TRUE | S83: TRUE | T83: TRUE | U83: TRUE | V83: TRUE | W83: TRUE | X83: TRUE | Y83: BANKALTIMTARA | Z83: 0081536244 | AA83: 30401787 SMAS YPVDP | AE83: TRUE | AF83: 45898 | AH83: TRUE | AI83: 45944 | AJ83: perbaikan tanggal surat pernyataan | AK83: TRUE | AL83: 46001 | AM83: OKE | BB83: TRUE | BC83: =IF(MOD(H83,4)=0,H83/4,ROUNDUP(H83/4,0)) -> 147539750 | BV83: TRUE | BW83: =IF(MOD(H83,4)=0,H83/4,ROUNDDOWN(H83/4,0)) -> 147539750 | CP83: TRUE | CQ83: =IF(MOD(H83,4)=0,H83/4,ROUNDUP(H83/4,0)) -> 147539750
A84: =SUBTOTAL(3,$B$2:B84) -> 83 | B84: SMA | C84: Bontang | D84: 30401809 | E84: SMAS YAYASAN PUPUK KALTIM BONTANG | F84: JL. DAHLIA PC. VI PT PUPUK KALTIM | G84: 676 | H84: 1143116000 | L84: 000.4.3.2/ | M84: 17146 | N84: /Disdikbud-Ib | O84: TRUE | P84: TRUE | Q84: TRUE | R84: TRUE | S84: TRUE | T84: TRUE | U84: TRUE | V84: TRUE | W84: TRUE | X84: TRUE | Y84: BNI | Z84: 0296606546 | AA84: SMAS YAYASAN PUPUK KALTIM | AE84: TRUE | AF84: 45915 | AG84: Perbaikan Tanggal Surat Pernyataan | AH84: TRUE | AI84: 45978 | AJ84: Perbaikan Tanggal Surat Pernyataan | AK84: TRUE | AL84: 46001 | AM84: Perbaikan Tanggal Surat Kesanggupan | BB84: TRUE | BC84: =IF(MOD(H84,4)=0,H84/4,ROUNDUP(H84/4,0)) -> 285779000 | BX84: TRUE | BY84: =IF(MOD(H84,4)=0,H84/4,ROUNDDOWN(H84/4,0)) -> 285779000 | CP84: TRUE | CQ84: =IF(MOD(H84,4)=0,H84/4,ROUNDUP(H84/4,0)) -> 285779000
A85: =SUBTOTAL(3,$B$2:B85) -> 84 | B85: SMA | C85: Bontang | D85: 30401808 | E85: SMAS YKP MONAMAS BONTANG | F85: JL. A. YANI No. 68 | G85: 37 | H85: 62567000 | L85: 000.4.3.2/ | M85: 17147 | N85: /Disdikbud-Ib | O85: TRUE | P85: TRUE | Q85: TRUE | R85: FALSE | S85: FALSE | T85: TRUE | U85: FALSE | V85: TRUE | W85: TRUE | X85: TRUE | Y85: BNI | Z85: 0296183799 | AA85: SMAS YKP MONAMAS BONTANG | AE85: TRUE | AF85: 45880 | AG85: SPTJ tidak ada saldo awal, rekapitulasi realisasi tidak ada nominal jumlah | AH85: TRUE | AI85: 45931 | AJ85: SPTJB tidak ada saldo awal | AK85: TRUE | AL85: 45982 | AM85: OKE | AX85: TRUE | AY85: =IF(MOD(H85,4)=0,H85/4,ROUNDUP(H85/4,0)) -> 15641750 | BT85: TRUE | BU85: =IF(MOD(H85,4)=0,H85/4,ROUNDDOWN(H85/4,0)) -> 15641750 | CJ85: TRUE | CK85: =IF(MOD(H85,4)=0,H85/4,ROUNDUP(H85/4,0)) -> 15641750
A86: =SUBTOTAL(3,$B$2:B86) -> 85 | B86: SMK | C86: Bontang | D86: 30407788 | E86: SMKS CENDIKIA | F86: Jl. Piere Tendean Rt 18 No. 45 | G86: 104 | H86: 209976000 | L86: 000.4.3.2/ | M86: 17148 | N86: /Disdikbud-Ib | O86: TRUE | P86: TRUE | Q86: TRUE | R86: TRUE | S86: TRUE | T86: TRUE | U86: TRUE | V86: TRUE | W86: TRUE | X86: TRUE | Y86: BRI | Z86: 033301001008303 | AA86: SMK CENDEKIA | AE86: TRUE | AF86: 45876 | AG86: SPTJB tidak saldo awal | AH86: TRUE | AI86: 45944 | AJ86: SPTJB tidak ada saldo awal | AK86: TRUE | AL86: 45982 | AM86: OKE | AX86: TRUE | AY86: =IF(MOD(H86,4)=0,H86/4,ROUNDUP(H86/4,0)) -> 52494000 | BV86: TRUE | BW86: =IF(MOD(H86,4)=0,H86/4,ROUNDDOWN(H86/4,0)) -> 52494000 | CJ86: TRUE | CK86: =IF(MOD(H86,4)=0,H86/4,ROUNDUP(H86/4,0)) -> 52494000
A87: =SUBTOTAL(3,$B$2:B87) -> 86 | B87: SMK | C87: Bontang | D87: 30409872 | E87: SMKS GALILEA | F87: JL. TARAKAN | G87: 37 | H87: 74703000 | L87: 000.4.3.2/ | M87: 17149 | N87: /Disdikbud-Ib | O87: TRUE | P87: TRUE | Q87: TRUE | R87: TRUE | S87: TRUE | T87: TRUE | U87: TRUE | V87: TRUE | W87: TRUE | X87: FALSE | Y87: BRI | Z87: 033301001011306 | AA87: SMK GALILEA | AE87: TRUE | AF87: 45904 | AG87: Surat Pernyataan | AH87: TRUE | AI87: 45949 | AJ87: Surat Pernyataan | AK87: TRUE | AL87: 45996 | AM87: Perbaikan | BB87: TRUE | BC87: =IF(MOD(H87,4)=0,H87/4,ROUNDUP(H87/4,0)) -> 18675750 | CB87: TRUE | CC87: =IF(MOD(H87,4)=0,H87/4,ROUNDDOWN(H87/4,0)) -> 18675750 | CP87: TRUE | CQ87: =IF(MOD(H87,4)=0,H87/4,ROUNDUP(H87/4,0)) -> 18675750
A88: =SUBTOTAL(3,$B$2:B88) -> 87 | B88: SMK | C88: Bontang | D88: 69755557 | E88: SMKS IT BANI ABDURRAHMAN | F88: JL. ARIF RAHMAN HAKIM KM.03 RT.51 | G88: 113 | H88: 228147000 | L88: 000.4.3.2/ | M88: 17150 | N88: /Disdikbud-Ib | O88: TRUE | P88: TRUE | Q88: TRUE | R88: TRUE | S88: TRUE | T88: TRUE | U88: TRUE | V88: TRUE | W88: TRUE | X88: TRUE | Y88: BRI | Z88: 033301001275308 | AA88: SMKS IT BANI ABDURRAHMAN | AE88: TRUE | AF88: 45896 | AG88: OKE | AH88: TRUE | AI88: 45946 | AJ88: OKE | AK88: TRUE | AL88: 45996 | AM88: OKE | AZ88: TRUE | BA88: =IF(MOD(H88,4)=0,H88/4,ROUNDUP(H88/4,0)) -> 57036750 | BV88: TRUE | BW88: =IF(MOD(H88,4)=0,H88/4,ROUNDDOWN(H88/4,0)) -> 57036750 | CP88: TRUE | CQ88: =IF(MOD(H88,4)=0,H88/4,ROUNDUP(H88/4,0)) -> 57036750
A89: =SUBTOTAL(3,$B$2:B89) -> 88 | B89: SMK | C89: Bontang | D89: 30401784 | E89: SMKS MARITIM INDONESIA | F89: JL. LUMBA-LUMBA | G89: 59 | H89: 119121000 | L89: 000.4.3.2/ | M89: 17151 | N89: /Disdikbud-Ib | O89: TRUE | P89: TRUE | Q89: TRUE | R89: TRUE | S89: TRUE | T89: TRUE | U89: TRUE | V89: TRUE | W89: TRUE | X89: FALSE | Y89: BRI | Z89: 033301001002307 | AA89: SMK MARITIM INDONESIA | AE89: TRUE | AF89: 45915 | AG89: SPTJB tidak ada, perbaikan Lap Realisasi | AH89: TRUE | AI89: 45958 | AJ89: Lap Realisasi masih TW, rekening ZKoran, tanggal surat pernyataan, laporan kegiatan | AK89: TRUE | AL89: 46008 | AM89: Lap Realisasi masih TW, rekening ZKoran, tanggal surat pernyataan, laporan kegiatan | BB89: TRUE | BC89: =IF(MOD(H89,4)=0,H89/4,ROUNDUP(H89/4,0)) -> 29780250 | BV89: TRUE | BW89: =IF(MOD(H89,4)=0,H89/4,ROUNDDOWN(H89/4,0)) -> 29780250 | CR89: TRUE | CS89: =IF(MOD(H89,4)=0,H89/4,ROUNDUP(H89/4,0)) -> 29780250
A90: =SUBTOTAL(3,$B$2:B90) -> 89 | B90: SMK | C90: Bontang | D90: 30401783 | E90: SMKS MUHAMMADIYAH BONTANG | F90: JL. GAMELAN RT 15 NO. 8 | G90: 64 | H90: 129216000 | L90: 000.4.3.2/ | M90: 17152 | N90: /Disdikbud-Ib | O90: TRUE | P90: TRUE | Q90: TRUE | R90: TRUE | S90: TRUE | T90: TRUE | U90: TRUE | V90: TRUE | W90: TRUE | X90: TRUE | Y90: BANKALTIMTARA | Z90: 1431501151 | AA90: 30401783 SMKS MUHAMMADIYAH BTG | AE90: TRUE | AF90: 45904 | AH90: TRUE | AI90: 45943 | AJ90: perbaikan tanggal surat pernyataan, sptjb dan lap realisasi tidak asli | AK90: TRUE | AL90: 45996 | AM90: perbaikan tanggal surat pernyataan, sptjb dan lap realisasi tidak asli, rekening koran | BB90: TRUE | BC90: =IF(MOD(H90,4)=0,H90/4,ROUNDUP(H90/4,0)) -> 32304000 | BV90: TRUE | BW90: =IF(MOD(H90,4)=0,H90/4,ROUNDDOWN(H90/4,0)) -> 32304000 | CP90: TRUE | CQ90: =IF(MOD(H90,4)=0,H90/4,ROUNDUP(H90/4,0)) -> 32304000
A91: =SUBTOTAL(3,$B$2:B91) -> 90 | B91: SMK | C91: Bontang | D91: 30405691 | E91: SMKS NUSANTARA MANDIRI | F91: JL.Banjarmasin No 29 Rt.21 | G91: 368 | H91: 742992000 | L91: 000.4.3.2/ | M91: 17153 | N91: /Disdikbud-Ib | O91: TRUE | P91: TRUE | Q91: TRUE | R91: TRUE | S91: TRUE | T91: TRUE | U91: TRUE | V91: TRUE | W91: TRUE | X91: TRUE | Y91: BANKALTIMTARA | Z91: 0082288406 | AA91: SMK NUSANTARA MANDIRI | AE91: TRUE | AF91: 45880 | AG91: OKE | AH91: TRUE | AI91: 45931 | AJ91: OKE | AK91: TRUE | AL91: 45982 | AM91: OKE | AX91: TRUE | AY91: =IF(MOD(H91,4)=0,H91/4,ROUNDUP(H91/4,0)) -> 185748000 | BT91: TRUE | BU91: =IF(MOD(H91,4)=0,H91/4,ROUNDDOWN(H91/4,0)) -> 185748000 | CJ91: TRUE | CK91: =IF(MOD(H91,4)=0,H91/4,ROUNDUP(H91/4,0)) -> 185748000
A92: =SUBTOTAL(3,$B$2:B92) -> 91 | B92: SMK | C92: Bontang | D92: 30401781 | E92: SMKS PUTRA BANGSA BONTANG | F92: JL. KS. TUBUN NO. 70 | G92: 360 | H92: 726840000 | L92: 000.4.3.2/ | M92: 17154 | N92: /Disdikbud-Ib | O92: TRUE | P92: TRUE | Q92: TRUE | R92: TRUE | S92: TRUE | T92: TRUE | U92: TRUE | V92: TRUE | W92: TRUE | X92: TRUE | Y92: BRI | Z92: 033301001596306 | AA92: SMK PUTRA BANGSA BONTANG | AE92: TRUE | AF92: 45880 | AH92: TRUE | AI92: 45915 | AJ92: OKE | AK92: TRUE | AL92: 45964 | AM92: Perbaikan lap realisasi saldo awal tidak sama dengn SPTJB, | AX92: TRUE | AY92: =IF(MOD(H92,4)=0,H92/4,ROUNDUP(H92/4,0)) -> 181710000 | BT92: TRUE | BU92: =IF(MOD(H92,4)=0,H92/4,ROUNDDOWN(H92/4,0)) -> 181710000 | CJ92: TRUE | CK92: =IF(MOD(H92,4)=0,H92/4,ROUNDUP(H92/4,0)) -> 181710000
A93: =SUBTOTAL(3,$B$2:B93) -> 92 | B93: SMK | C93: Bontang | D93: 30401779 | E93: SMKS YKPP BONTANG | F93: Jalan Selat Makassar RT. 25 No. 25 | G93: 148 | H93: 298812000 | L93: 000.4.3.2/ | M93: 17155 | N93: /Disdikbud-Ib | O93: TRUE | P93: TRUE | Q93: TRUE | R93: TRUE | S93: TRUE | T93: TRUE | U93: TRUE | V93: TRUE | W93: TRUE | X93: TRUE | Y93: BRI | Z93: 033301001000305 | AA93: SMK YKPP BONTANG | AE93: TRUE | AF93: 45874 | AH93: TRUE | AI93: 45945 | AJ93: BKU | AK93: TRUE | AL93: 45982 | AM93: OKE | AX93: TRUE | AY93: =IF(MOD(H93,4)=0,H93/4,ROUNDUP(H93/4,0)) -> 74703000 | BV93: TRUE | BW93: =IF(MOD(H93,4)=0,H93/4,ROUNDDOWN(H93/4,0)) -> 74703000 | CJ93: TRUE | CK93: =IF(MOD(H93,4)=0,H93/4,ROUNDUP(H93/4,0)) -> 74703000
A94: =SUBTOTAL(3,$B$2:B94) -> 93 | B94: SMK | C94: Bontang | D94: 30401778 | E94: SMKS YP RIGOMASI BONTANG | F94: JL. AHMAD YANI NO. 1 RT.03 KEL.API-API KEC.BONTANG | G94: 132 | H94: 266508000 | L94: 000.4.3.2/ | M94: 17156 | N94: /Disdikbud-Ib | O94: TRUE | P94: TRUE | Q94: TRUE | R94: TRUE | S94: TRUE | T94: TRUE | U94: TRUE | V94: TRUE | W94: TRUE | X94: FALSE | Y94: BRI | Z94: 033301001006301 | AA94: SMK YP RIGOMASI BONTANG | AE94: TRUE | AF94: 45880 | AH94: TRUE | AI94: 45950 | AJ94: Perbaikan tanggal surat pernyataan, sptjb dan lap realisasi tidak asli | AK94: TRUE | AL94: 45981 | AM94: Perbaikan Tgl surat kesanggupan, | AX94: TRUE | AY94: =IF(MOD(H94,4)=0,H94/4,ROUNDUP(H94/4,0)) -> 66627000 | BV94: TRUE | BW94: =IF(MOD(H94,4)=0,H94/4,ROUNDDOWN(H94/4,0)) -> 66627000 | CJ94: TRUE | CK94: =IF(MOD(H94,4)=0,H94/4,ROUNDUP(H94/4,0)) -> 66627000
A95: =SUBTOTAL(3,$B$2:B95) -> 94 | B95: MA | C95: Kutai Barat | D95: 131264070003 | E95: MA AL KAUTSAR | F95: Jl. Belibis RT. 003 Kampung Linggang purwodadi Kec.Linggang Bigung Kabupaten Kutai Barat | G95: 20 | H95: 30635000 | L95: 000.4.3.2/ | M95: 17157 | N95: /Disdikbud-Ib | O95: TRUE | P95: TRUE | Q95: TRUE | R95: TRUE | S95: TRUE | T95: TRUE | U95: TRUE | V95: TRUE | W95: TRUE | X95: TRUE | Y95: BANKALTIMTARA | Z95: 0112007211 | AA95: MADRASAH ALIYAH AL KAUTSAR | AE95: TRUE | AF95: 45982 | AH95: TRUE | AI95: 5 Deesember 2025 | AJ95: Perbaikan | AK95: TRUE | AL95: 46013 | AM95: Perbaikan Tgl surat kesanggupan | BJ95: TRUE | BK95: =IF(MOD(H95,4)=0,H95/4,ROUNDUP(H95/4,0)) -> 7658750 | CD95: TRUE | CE95: =IF(MOD(H95,4)=0,H95/4,ROUNDDOWN(H95/4,0)) -> 7658750 | CT95: TRUE | CU95: =IF(MOD(H95,4)=0,H95/4,ROUNDUP(H95/4,0)) -> 7658750
A96: =SUBTOTAL(3,$B$2:B96) -> 95 | B96: MA | C96: Kutai Barat | D96: 131164070001 | E96: MAN KUTAI BARAT | F96: Jl. Islamic Center 1 RT. 032 Melak Ulu Kecamatan Melak Kabupaten Kutai Barat | G96: 108 | H96: 165429000 | L96: 000.4.3.2/ | M96: 17158 | N96: /Disdikbud-Ib | O96: TRUE | P96: TRUE | Q96: TRUE | R96: FALSE | S96: FALSE | T96: TRUE | U96: TRUE | V96: TRUE | W96: TRUE | X96: FALSE | Y96: BANKALTIMTARA | Z96: 0112174257 | AA96: BOSDA MAN MELAK | AE96: TRUE | AF96: 45904 | AG96: Perbaikan tanggal | AH96: TRUE | AI96: 45952 | AJ96: kata pengantar belum ttd, perbaikan tanggal kata pengantar dan surat pernyataan, BKU | AK96: TRUE | AL96: 45993 | AM96: OKE | BB96: TRUE | BC96: =IF(MOD(H96,4)=0,H96/4,ROUNDUP(H96/4,0)) -> 41357250 | BV96: TRUE | BW96: =IF(MOD(H96,4)=0,H96/4,ROUNDDOWN(H96/4,0)) -> 41357250 | CN96: TRUE | CO96: =IF(MOD(H96,4)=0,H96/4,ROUNDUP(H96/4,0)) -> 41357250
A97: =SUBTOTAL(3,$B$2:B97) -> 96 | B97: MA | C97: Kutai Barat | D97: 131264070002 | E97: MAS AL HIKMAH | F97: Jl. Trans Kalimantan RT. 004 Kamp. Rejo Basuki Kecamatan Barong Tongkok Kabupaten Kutai Barat | G97: 24 | H97: 36762000 | L97: 000.4.3.2/ | M97: 17159 | N97: /Disdikbud-Ib | O97: TRUE | P97: FALSE | Q97: TRUE | R97: FALSE | S97: TRUE | T97: TRUE | U97: FALSE | V97: TRUE | W97: TRUE | X97: FALSE | Y97: MANDIRI | Z97: 1480019684979 | AA97: MAS AL HIKMAH | AE97: TRUE | AF97: 45943 | AG97: Rekening koran, perbaikan tanggal surat pernyataan | AH97: TRUE | AI97: 45985 | AJ97: Perbaikan tanggal surat kesanggupan | AK97: TRUE | AL97: 46008 | AM97: Perbaikan tanggal surat pernyataan, SPTJ, Lap Realisasi | BH97: TRUE | BI97: =IF(MOD(H97,4)=0,H97/4,ROUNDUP(H97/4,0)) -> 9190500 | BX97: TRUE | BY97: =IF(MOD(H97,4)=0,H97/4,ROUNDDOWN(H97/4,0)) -> 9190500 | CR97: TRUE | CS97: =IF(MOD(H97,4)=0,H97/4,ROUNDUP(H97/4,0)) -> 9190500
A98: =SUBTOTAL(3,$B$2:B98) -> 97 | B98: MA | C98: Kutai Barat | D98: 131264070001 | E98: MAS SUBULUSSALAM | F98: Jl. Pandan Wangi RT. 018 Kel Simpang Raya Kec Barong Tongkok Kab Kutai Barat | G98: 80 | H98: 122540000 | L98: 000.4.3.2/ | M98: 17160 | N98: /Disdikbud-Ib | O98: TRUE | P98: TRUE | Q98: TRUE | R98: TRUE | S98: TRUE | T98: TRUE | U98: TRUE | V98: TRUE | W98: TRUE | X98: TRUE | Y98: BANKALTIMTARA | Z98: 1262080435 | AA98: MA SUBULUSSALAM | AE98: TRUE | AF98: 45880 | AH98: TRUE | AI98: 45936 | AJ98: OKE | AK98: TRUE | AL98: 45979 | AM98: stempel SPTJB, BKU | AX98: TRUE | AY98: =IF(MOD(H98,4)=0,H98/4,ROUNDUP(H98/4,0)) -> 30635000 | BT98: TRUE | BU98: =IF(MOD(H98,4)=0,H98/4,ROUNDDOWN(H98/4,0)) -> 30635000 | CJ98: TRUE | CK98: =IF(MOD(H98,4)=0,H98/4,ROUNDUP(H98/4,0)) -> 30635000
A99: =SUBTOTAL(3,$B$2:B99) -> 98 | B99: SMA | C99: Kutai Barat | D99: 69875543 | E99: SMA ADVENT SENDAWAR | F99: JL. Juaq Asa RT. 1 | G99: 8 | H99: 12014000 | L99: 000.4.3.2/ | M99: 17161 | N99: /Disdikbud-Ib | O99: TRUE | P99: TRUE | Q99: FALSE | R99: TRUE | S99: TRUE | T99: TRUE | U99: TRUE | V99: TRUE | W99: TRUE | X99: FALSE | Y99: BANKALTIMTARA | Z99: 1262166186 | AA99: SMA ADVENT SENDAWAR BOSDA | AE99: TRUE | AF99: 45950 | AG99: SPTJB dan Lap Realisasi tidak asli, Laporan Kegiatan | AH99: TRUE | AI99: 45982 | AJ99: Laporan Kegiatan | AK99: TRUE | AL99: 46001 | AM99: Laporan Kegiatan | BH99: TRUE | BI99: =IF(MOD(H99,4)=0,H99/4,ROUNDUP(H99/4,0)) -> 3003500 | BX99: TRUE | BY99: =IF(MOD(H99,4)=0,H99/4,ROUNDDOWN(H99/4,0)) -> 3003500 | CP99: TRUE | CQ99: =IF(MOD(H99,4)=0,H99/4,ROUNDUP(H99/4,0)) -> 3003500
A100: =SUBTOTAL(3,$B$2:B100) -> 99 | B100: SMA | C100: Kutai Barat | D100: 69947957 | E100: SMA KALAM SEJAHTERA | F100: JL. Kamp.Intu Lingau RT.007 | G100: 60 | H100: 75525000 | L100: 000.4.3.2/ | M100: 17162 | N100: /Disdikbud-Ib | O100: TRUE | P100: TRUE | Q100: TRUE | R100: FALSE | S100: FALSE | T100: TRUE | U100: TRUE | V100: TRUE | W100: TRUE | X100: TRUE | Y100: BANKALTIMTARA | Z100: 0112570551 | AA100: SMA KALAM SEJAHTERA | AE100: TRUE | AF100: 45943 | AG100: Perbaikan sptjb dan lap realisasi, laporan kegiatan, rekening koran | AH100: TRUE | AI100: 45993 | AJ100: Laporan Kegiatan | AK100: TRUE | AL100: 46018 | AM100: Laporan Kegiatan, Perbaikan tanggal Surat Pernyataan Kesanggupan, Laporan Realisasi, SPTJ | BH100: TRUE | BI100: =IF(MOD(H100,4)=0,H100/4,ROUNDUP(H100/4,0)) -> 18881250 | CB100: TRUE | CC100: =IF(MOD(H100,4)=0,H100/4,ROUNDDOWN(H100/4,0)) -> 18881250 | CT100: TRUE | CU100: =IF(MOD(H100,4)=0,H100/4,ROUNDUP(H100/4,0)) -> 18881250
A101: =SUBTOTAL(3,$B$2:B101) -> 100 | B101: SMA | C101: Kutai Barat | D101: 69786406 | E101: SMAS KRISTEN BALA KESELAMATAN | F101: Jl. Pendidikan RT. 38 | G101: 22 | H101: 33038500 | L101: 000.4.3.2/ | M101: 17163 | N101: /Disdikbud-Ib | O101: TRUE | P101: TRUE | Q101: TRUE | R101: FALSE | S101: FALSE | T101: TRUE | U101: FALSE | V101: FALSE | W101: FALSE | X101: FALSE | Y101: BNI | Z101: 0338652737 | AA101: SMAS KRISTEN BALA KESELAMATAN | AE101: TRUE | AF101: 45936 | AG101: Laporan kegiatan, perbaikan sptjb dan lap realisasi | AH101: TRUE | AI101: 45950 | AJ101: Laporan kegiatan, perbaikan sptjb dan lap realisasi dan tidak asli | AK101: TRUE | AL101: 45982 | AM101: Lap Kegiatan, tanggal, rek koran | BF101: TRUE | BG101: =IF(MOD(H101,4)=0,H101/4,ROUNDUP(H101/4,0)) -> 8259625 | BV101: TRUE | BW101: =IF(MOD(H101,4)=0,H101/4,ROUNDDOWN(H101/4,0)) -> 8259625 | CJ101: TRUE | CK101: =IF(MOD(H101,4)=0,H101/4,ROUNDUP(H101/4,0)) -> 8259625
A102: =SUBTOTAL(3,$B$2:B102) -> 101 | B102: SMA | C102: Kutai Barat | D102: 30400559 | E102: SMAS SARI MENTANANG | F102: JL. MARTAWAY | G102: 33 | H102: 49557750 | L102: 000.4.3.2/ | M102: 17164 | N102: /Disdikbud-Ib | O102: TRUE | P102: TRUE | Q102: TRUE | R102: FALSE | S102: FALSE | T102: TRUE | U102: FALSE | V102: FALSE | W102: FALSE | X102: FALSE | Y102: BNI | Z102: 0298126444 | AA102: SMAS SARI MENTANANG | AE102: TRUE | AF102: 46008 | AG102: Perbaikan tanggal surat pernyataan, SPTJ, laporan realisasi | AH102: TRUE | AI102: 46018 | AJ102: Perbaikan tanggal surat pernyataan, SPTJ, laporan realisasi | AK102: FALSE | BP102: TRUE | BQ102: =IF(MOD(H102,4)=0,H102/4,ROUNDUP(H102/4,0)) -> 12389438 | CH102: TRUE | CI102: =IF(MOD(H102,4)=0,H102/4,ROUNDDOWN(H102/4,0)) -> 12389437
...

Sheet status rkas
A1: NPSN | B1: Nama Sekolah | C1: Jenis Pendidikan | D1: Jumlah Siswa | E1: Status | F1: Kota/Kabupaten | G1: RKAS | H1: Status RKAS
A2: 69965143 | B2: Sekolah Khusus Santo Fransiskus Assisi | C2: SLB | D2: 81 | E2: Swasta | F2: Kota Balikpapan | G2: BOS Daerah | H2: Anggaran Disetujui
A3: 30407424 | B3: SLB CEMARA WILIS | C3: SLB | D3: 28 | E3: Swasta | F3: Kota Samarinda | G3: BOS Daerah | H3: Anggaran Disetujui
A4: 70043018 | B4: SLB Harapan Insani | C4: SLB | D4: 12 | E4: Swasta | F4: Kab. Kutai Kartanegara | G4: BOS Daerah | H4: Anggaran Disetujui
A5: 30401832 | B5: SLB PERMATA BUNDA | C5: SLB | D5: 33 | E5: Swasta | F5: Kota Bontang | G5: BOS Daerah Revisi Ke 1 | H5: Anggaran Disetujui
A6: 69969001 | B6: SLB Tunas Mandiri | C6: SLB | D6: 47 | E6: Swasta | F6: Kab. Kutai Kartanegara | G6: BOS Daerah | H6: Anggaran Disetujui
A7: 69931888 | B7: SEKOLAH KHUSUS BINA INSAN MANDIRI TENGGARONG | C7: SLB | D7: 44 | E7: Swasta | F7: Kab. Kutai Kartanegara | G7: BOS Daerah | H7: Anggaran Disetujui
A8: 69878226 | B8: SLB BAHASA HATI | C8: SLB | D8: 11 | E8: Swasta | F8: Kab. Kutai Timur | G8: BOS Daerah | H8: Anggaran Disetujui
A9: 70001505 | B9: SLB Bina Kasih Mandiri | C9: SLB | D9: 11 | E9: Swasta | F9: Kota Bontang | G9: BOS Daerah | H9: Anggaran Disetujui
A10: 30405644 | B10: SLB UNTUNG TUAH | C10: SLB | D10: 72 | E10: Swasta | F10: Kota Samarinda | G10: BOS Daerah | H10: Anggaran Disetujui
A11: 69753985 | B11: SLB WIDYA KARYA | C11: SLB | D11: 59 | E11: Swasta | F11: Kota Samarinda | G11: BOS Daerah | H11: Anggaran Disetujui
A12: 69774827 | B12: SLB TUNAS HARAPAN | C12: SLB | D12: 51 | E12: Swasta | F12: Kota Samarinda | G12: BOS Daerah | H12: Anggaran Disetujui
A13: 69889019 | B13: Sekolah Khusus Pelita Bunda | C13: SLB | D13: 48 | E13: Swasta | F13: Kota Samarinda | G13: BOS Daerah | H13: Anggaran Disetujui
... A260: 69830684 | B260: SMK Integral Hidayatullah | C260: SMK | D260: 4 | E260: Swasta | F260: Kota Samarinda | G260: Belum Mengajukan | H260: Belum Mengajukan

Sheet rekap
B3: No | C3: KabKota | D3: SMA | E3: SLB | F3: SMK | G3: MA | H3: TOTAL | J3: SMA | K3: =SUMIF(datadasar!B:B,J3,datadasar!H:H) -> 21320837000
B4: 1 | C4: Balikpapan | D4: =COUNTIFS(datadasar!B:B,$D$3,datadasar!C:C,$C4) -> 17 | E4: =COUNTIFS(datadasar!B:B,$E$3,datadasar!C:C,$C4) -> 3 | F4: =COUNTIFS(datadasar!B:B,$F$3,datadasar!C:C,$C4) -> 25 | G4: =COUNTIFS(datadasar!B:B,$G$3,datadasar!C:C,$C4) -> 8 | H4: =SUM(D4:G4) -> 53 | J4: SMK | K4: =SUMIF(datadasar!B:B,J4,datadasar!H:H) -> 55720349500
B5: 2 | C5: Berau | D5: =COUNTIFS(datadasar!B:B,$D$3,datadasar!C:C,$C5) -> 5 | E5: =COUNTIFS(datadasar!B:B,$E$3,datadasar!C:C,$C5) -> 0 | F5: =COUNTIFS(datadasar!B:B,$F$3,datadasar!C:C,$C5) -> 6 | G5: =COUNTIFS(datadasar!B:B,$G$3,datadasar!C:C,$C5) -> 5 | H5: =SUM(D5:G5) -> 16 | J5: SLB | K5: =SUMIF(datadasar!B:B,J5,datadasar!H:H) -> 2121719000
B6: 3 | C6: Bontang | D6: =COUNTIFS(datadasar!B:B,$D$3,datadasar!C:C,$C6) -> 8 | E6: =COUNTIFS(datadasar!B:B,$E$3,datadasar!C:C,$C6) -> 5 | F6: =COUNTIFS(datadasar!B:B,$F$3,datadasar!C:C,$C6) -> 9 | G6: =COUNTIFS(datadasar!B:B,$G$3,datadasar!C:C,$C6) -> 2 | H6: =SUM(D6:G6) -> 24 | J6: MA | K6: =SUMIF(datadasar!B:B,J6,datadasar!H:H) -> 19650822250
B7: 4 | C7: Kutai Barat | D7: =COUNTIFS(datadasar!B:B,$D$3,datadasar!C:C,$C7) -> 5 | E7: =COUNTIFS(datadasar!B:B,$E$3,datadasar!C:C,$C7) -> 0 | F7: =COUNTIFS(datadasar!B:B,$F$3,datadasar!C:C,$C7) -> 7 | G7: =COUNTIFS(datadasar!B:B,$G$3,datadasar!C:C,$C7) -> 4 | H7: =SUM(D7:G7) -> 16 | K7: =SUM(K3:K6) -> 98813727750
B8: 5 | C8: Kutai Kartanegara | D8: =COUNTIFS(datadasar!B:B,$D$3,datadasar!C:C,$C8) -> 18 | E8: =COUNTIFS(datadasar!B:B,$E$3,datadasar!C:C,$C8) -> 5 | F8: =COUNTIFS(datadasar!B:B,$F$3,datadasar!C:C,$C8) -> 27 | G8: =COUNTIFS(datadasar!B:B,$G$3,datadasar!C:C,$C8) -> 24 | H8: =SUM(D8:G8) -> 74
B9: 6 | C9: Kutai Timur | D9: =COUNTIFS(datadasar!B:B,$D$3,datadasar!C:C,$C9) -> 5 | E9: =COUNTIFS(datadasar!B:B,$E$3,datadasar!C:C,$C9) -> 2 | F9: =COUNTIFS(datadasar!B:B,$F$3,datadasar!C:C,$C9) -> 10 | G9: =COUNTIFS(datadasar!B:B,$G$3,datadasar!C:C,$C9) -> 9 | H9: =SUM(D9:G9) -> 26
B10: 7 | C10: Mahakam Ulu | D10: =COUNTIFS(datadasar!B:B,$D$3,datadasar!C:C,$C10) -> 2 | E10: =COUNTIFS(datadasar!B:B,$E$3,datadasar!C:C,$C10) -> 0 | F10: =COUNTIFS(datadasar!B:B,$F$3,datadasar!C:C,$C10) -> 2 | G10: =COUNTIFS(datadasar!B:B,$G$3,datadasar!C:C,$C10) -> 0 | H10: =SUM(D10:G10) -> 4
B11: 8 | C11: Paser | D11: =COUNTIFS(datadasar!B:B,$D$3,datadasar!C:C,$C11) -> 4 | E11: =COUNTIFS(datadasar!B:B,$E$3,datadasar!C:C,$C11) -> 0 | F11: =COUNTIFS(datadasar!B:B,$F$3,datadasar!C:C,$C11) -> 6 | G11: =COUNTIFS(datadasar!B:B,$G$3,datadasar!C:C,$C11) -> 16 | H11: =SUM(D11:G11) -> 26
B12: 9 | C12: Penajam Paser Utara | D12: =COUNTIFS(datadasar!B:B,$D$3,datadasar!C:C,$C12) -> 3 | E12: =COUNTIFS(datadasar!B:B,$E$3,datadasar!C:C,$C12) -> 0 | F12: =COUNTIFS(datadasar!B:B,$F$3,datadasar!C:C,$C12) -> 5 | G12: =COUNTIFS(datadasar!B:B,$G$3,datadasar!C:C,$C12) -> 7 | H12: =SUM(D12:G12) -> 15
B13: 10 | C13: Samarinda | D13: =COUNTIFS(datadasar!B:B,$D$3,datadasar!C:C,$C13) -> 23 | E13: =COUNTIFS(datadasar!B:B,$E$3,datadasar!C:C,$C13) -> 9 | F13: =COUNTIFS(datadasar!B:B,$F$3,datadasar!C:C,$C13) -> 27 | G13: =COUNTIFS(datadasar!B:B,$G$3,datadasar!C:C,$C13) -> 15 | H13: =SUM(D13:G13) -> 74
B14: TOTAL | D14: =SUM(D4:D13) -> 90 | E14: =SUM(E4:E13) -> 24 | F14: =SUM(F4:F13) -> 124 | G14: =SUM(G4:G13) -> 90 | H14: =SUM(H4:H13) -> 328

Sheet Copy of rekap
B3: No | C3: KabKota | D3: SMA | E3: SLB | F3: SMK | G3: MA | H3: TOTAL | I3: TOTAL PESERTA x3
B4: 1 | C4: Balikpapan | D4: =COUNTIFS(datadasar!B:B,$D$3,datadasar!C:C,$C4) -> 17 | E4: =COUNTIFS(datadasar!B:B,$E$3,datadasar!C:C,$C4) -> 3 | F4: =COUNTIFS(datadasar!B:B,$F$3,datadasar!C:C,$C4) -> 25 | G4: =COUNTIFS(datadasar!B:B,$G$3,datadasar!C:C,$C4) -> 8 | H4: =SUM(D4:G5) -> 68 | I4: =H4*3 -> 204
B5: 2 | C5: Penajam Paser Utara | D5: =COUNTIFS(datadasar!B:B,$D$3,datadasar!C:C,$C5) -> 3 | E5: =COUNTIFS(datadasar!B:B,$E$3,datadasar!C:C,$C5) -> 0 | F5: =COUNTIFS(datadasar!B:B,$F$3,datadasar!C:C,$C5) -> 5 | G5: =COUNTIFS(datadasar!B:B,$G$3,datadasar!C:C,$C5) -> 7
B6: 3 | C6: Kutai Barat | D6: =COUNTIFS(datadasar!B:B,$D$3,datadasar!C:C,$C6) -> 5 | E6: =COUNTIFS(datadasar!B:B,$E$3,datadasar!C:C,$C6) -> 0 | F6: =COUNTIFS(datadasar!B:B,$F$3,datadasar!C:C,$C6) -> 7 | G6: =COUNTIFS(datadasar!B:B,$G$3,datadasar!C:C,$C6) -> 4 | H6: =SUM(D6:G7) -> 20 | I6: =H6*3 -> 60
B7: 4 | C7: Mahakam Ulu | D7: =COUNTIFS(datadasar!B:B,$D$3,datadasar!C:C,$C7) -> 2 | E7: =COUNTIFS(datadasar!B:B,$E$3,datadasar!C:C,$C7) -> 0 | F7: =COUNTIFS(datadasar!B:B,$F$3,datadasar!C:C,$C7) -> 2 | G7: =COUNTIFS(datadasar!B:B,$G$3,datadasar!C:C,$C7) -> 0
B8: 5 | C8: Bontang | D8: =COUNTIFS(datadasar!B:B,$D$3,datadasar!C:C,$C8) -> 8 | E8: =COUNTIFS(datadasar!B:B,$E$3,datadasar!C:C,$C8) -> 5 | F8: =COUNTIFS(datadasar!B:B,$F$3,datadasar!C:C,$C8) -> 9 | G8: =COUNTIFS(datadasar!B:B,$G$3,datadasar!C:C,$C8) -> 2 | H8: =SUM(D8:G9) -> 50 | I8: =H8*3 -> 150
B9: 6 | C9: Kutai Timur | D9: =COUNTIFS(datadasar!B:B,$D$3,datadasar!C:C,$C9) -> 5 | E9: =COUNTIFS(datadasar!B:B,$E$3,datadasar!C:C,$C9) -> 2 | F9: =COUNTIFS(datadasar!B:B,$F$3,datadasar!C:C,$C9) -> 10 | G9: =COUNTIFS(datadasar!B:B,$G$3,datadasar!C:C,$C9) -> 9
B10: 7 | C10: Berau | D10: =COUNTIFS(datadasar!B:B,$D$3,datadasar!C:C,$C10) -> 5 | E10: =COUNTIFS(datadasar!B:B,$E$3,datadasar!C:C,$C10) -> 0 | F10: =COUNTIFS(datadasar!B:B,$F$3,datadasar!C:C,$C10) -> 6 | G10: =COUNTIFS(datadasar!B:B,$G$3,datadasar!C:C,$C10) -> 5 | H10: =SUM(D10:G10) -> 16 | I10: =H10*3 -> 48
B11: 8 | C11: Kutai Kartanegara | D11: =COUNTIFS(datadasar!B:B,$D$3,datadasar!C:C,$C11) -> 18 | E11: =COUNTIFS(datadasar!B:B,$E$3,datadasar!C:C,$C11) -> 5 | F11: =COUNTIFS(datadasar!B:B,$F$3,datadasar!C:C,$C11) -> 27 | G11: =COUNTIFS(datadasar!B:B,$G$3,datadasar!C:C,$C11) -> 24 | H11: =SUM(D11:G11) -> 74 | I11: =H11*3 -> 222
B12: 9 | C12: Paser | D12: =COUNTIFS(datadasar!B:B,$D$3,datadasar!C:C,$C12) -> 4 | E12: =COUNTIFS(datadasar!B:B,$E$3,datadasar!C:C,$C12) -> 0 | F12: =COUNTIFS(datadasar!B:B,$F$3,datadasar!C:C,$C12) -> 6 | G12: =COUNTIFS(datadasar!B:B,$G$3,datadasar!C:C,$C12) -> 16 | H12: =SUM(D12:G12) -> 26 | I12: =H12*3 -> 78
B13: 10 | C13: Samarinda | D13: =COUNTIFS(datadasar!B:B,$D$3,datadasar!C:C,$C13) -> 23 | E13: =COUNTIFS(datadasar!B:B,$E$3,datadasar!C:C,$C13) -> 9 | F13: =COUNTIFS(datadasar!B:B,$F$3,datadasar!C:C,$C13) -> 27 | G13: =COUNTIFS(datadasar!B:B,$G$3,datadasar!C:C,$C13) -> 15 | H13: =SUM(D13:G13) -> 74 | I13: =H13*3 -> 222
B14: TOTAL | D14: =SUM(D4:D13) -> 90 | E14: =SUM(E4:E13) -> 24 | F14: =SUM(F4:F13) -> 124 | G14: =SUM(G4:G13) -> 90 | H14: =SUM(H4:H13) -> 328 | I14: =H14*3 -> 984

Sheet rekap (1)
A2: SMA Swasta | B2: ='[1]SMA-S'!G98 -> #REF!
A3: SMK Swasta | B3: ='[2]SMK-S'!G133 -> #REF!
A4: SLB Swasta | B4: ='[3]SLB-S'!G34 -> #REF!
A5: MA | B5: ='[4]MA (1)'!G102 -> #REF!
B6: =SUM(B2:B5) -> #REF!
B8: =B2+B3+B4+B5 -> #REF!

Sheet Daftar Sekolah
A1: No | B1: NPSN | C1: Nama Sekolah | D1: Kab/Kota | E1: Jumlah Siswa | F1: Jumlah Dana
A2: 1 | B2: 69950015 | C2: SMA Islam Terpadu Granada | D2: Samarinda | E2: 356 | F2: 669280000
A3: 2 | B3: 30404461 | C3: SMAS Islam Samarinda | D3: Samarinda | E3: 313 | F3: 588440000
A4: 3 | B4: 30404179 | C4: SMAS Sunodia Samarinda | D4: Samarinda | E4: 295 | F4: 554600000
A5: 4 | B5: 69991845 | C5: SMA IT TURSINA | D5: Samarinda | E5: 27 | F5: 50760000
A6: 5 | B6: 30404269 | C6: SMAS Nabil Husein Samarinda | D6: Samarinda | E6: 155 | F6: 291400000
A7: 6 | B7: 30403013 | C7: SMAS Syaichona Cholil Samarinda | D7: Samarinda | E7: 247 | F7: 464360000
A8: 7 | B8: 30404270 | C8: SMAS Setia Marga Samarinda | D8: Samarinda | E8: 245 | F8: 460600000
A9: 8 | B9: 30404266 | C9: SMAS Muhammadiyah 2 Samarinda | D9: Samarinda | E9: 42 | F9: 78960000
A10: 9 | B10: 69948500 | C10: SMA Budi Luhur | D10: Samarinda | E10: 264 | F10: 496320000
A11: 10 | B11: 69774826 | C11: SMAS Plus Melati | D11: Samarinda | E11: 96 | F11: 180480000
A12: 11 | B12: 30401063 | C12: SMAS Katolik W. R. Soepratman | D12: Samarinda | E12: 338 | F12: 635440000
A13: 12 | B13: 30404265 | C13: SMAS Ma arif Samarinda | D13: Samarinda | E13: 51 | F13: 95880000
... A328: 92 | B328: 131164030001 | C328: MAN BERAU | D328: Berau | E328: 391 | F328: 938400000
